profile_id,temperature,model_key,model_name,prompt_case,gender,occupation,attended_university,self_bleu,semantic_div,mean_entropy,response_count
0,0.2,base,allenai/Olmo-3-1025-7B,given,male,carpenter,yes,0.5380252508324097,0.10713685480035255,0.1767673600592583,10
0,0.2,dpo,allenai/Olmo-3-7B-Instruct-DPO,given,male,carpenter,yes,0.3856885293648317,0.19299514273398694,0.2069545695649178,10
0,0.2,rlvr,allenai/Olmo-3-7B-Instruct,given,male,carpenter,yes,0.44087026520222083,0.18970314803244576,0.185819284053532,10
0,0.2,sft,allenai/Olmo-3-7B-Instruct-SFT,given,male,carpenter,yes,0.4539446410558112,0.126668086251702,0.20274160945873582,10
0,0.5,base,allenai/Olmo-3-1025-7B,given,male,carpenter,yes,0.4618201064375765,0.1930152423927456,0.5180531005001232,10
0,0.5,dpo,allenai/Olmo-3-7B-Instruct-DPO,given,male,carpenter,yes,0.27786445887656874,0.3489749621466963,0.5696395232000548,10
0,0.5,rlvr,allenai/Olmo-3-7B-Instruct,given,male,carpenter,yes,0.3044988775862292,0.5448256325730523,0.48094471517999243,10
0,0.5,sft,allenai/Olmo-3-7B-Instruct-SFT,given,male,carpenter,yes,0.3449800416151426,0.23609297021000078,0.5866238295867061,10
0,0.7000000000000001,base,allenai/Olmo-3-1025-7B,given,male,carpenter,yes,0.373427626649664,0.30162843916507837,0.8409580357869464,10
0,0.7000000000000001,dpo,allenai/Olmo-3-7B-Instruct-DPO,given,male,carpenter,yes,0.22740820717799795,0.28892471680842646,0.9338358994628351,10
0,0.7000000000000001,rlvr,allenai/Olmo-3-7B-Instruct,given,male,carpenter,yes,0.2664302413421521,0.32640448921843146,0.8342879961350711,10
0,0.7000000000000001,sft,allenai/Olmo-3-7B-Instruct-SFT,given,male,carpenter,yes,0.2666832681206571,0.3598719917516543,0.8521589168238762,10
0,1.0,base,allenai/Olmo-3-1025-7B,given,male,carpenter,yes,0.20932663456060926,0.47804049377306845,1.7181791229513017,10
0,1.0,dpo,allenai/Olmo-3-7B-Instruct-DPO,given,male,carpenter,yes,0.10815928898070554,0.46996314244172505,1.6740200622603294,10
0,1.0,rlvr,allenai/Olmo-3-7B-Instruct,given,male,carpenter,yes,0.13186004229420598,0.4426520722047222,1.4941299995929,10
0,1.0,sft,allenai/Olmo-3-7B-Instruct-SFT,given,male,carpenter,yes,0.1424129600813816,0.3785242162375916,1.9339698894607522,10
1,0.2,base,allenai/Olmo-3-1025-7B,given,female,carpenter,yes,0.5064750173248798,0.19897655149206525,0.1947920526674145,10
1,0.2,dpo,allenai/Olmo-3-7B-Instruct-DPO,given,female,carpenter,yes,0.3640023445824774,0.18501489917838013,0.20634217803412552,10
1,0.2,rlvr,allenai/Olmo-3-7B-Instruct,given,female,carpenter,yes,0.44109505304418734,0.22480729444831016,0.19549520048170022,10
1,0.2,sft,allenai/Olmo-3-7B-Instruct-SFT,given,female,carpenter,yes,0.3946553709666391,0.2043668851190104,0.22769544381766313,10
1,0.5,base,allenai/Olmo-3-1025-7B,given,female,carpenter,yes,0.4005045823841494,0.3464015772260839,0.5178086188986035,10
1,0.5,dpo,allenai/Olmo-3-7B-Instruct-DPO,given,female,carpenter,yes,0.26062471386031527,0.40365283553917697,0.5660886633176274,10
1,0.5,rlvr,allenai/Olmo-3-7B-Instruct,given,female,carpenter,yes,0.2785321554728094,0.3232150272421264,0.5515193567667916,10
1,0.5,sft,allenai/Olmo-3-7B-Instruct-SFT,given,female,carpenter,yes,0.35520447808732636,0.5178067045082604,0.5027936558383864,10
1,0.7000000000000001,base,allenai/Olmo-3-1025-7B,given,female,carpenter,yes,0.35215682014410277,0.33144992972276505,0.8073655469442406,10
1,0.7000000000000001,dpo,allenai/Olmo-3-7B-Instruct-DPO,given,female,carpenter,yes,0.21905785657821505,0.31877057028192946,0.9385694072826031,10
1,0.7000000000000001,rlvr,allenai/Olmo-3-7B-Instruct,given,female,carpenter,yes,0.24057572152743578,0.3952881579020933,0.8209285083247119,10
1,0.7000000000000001,sft,allenai/Olmo-3-7B-Instruct-SFT,given,female,carpenter,yes,0.255854373672218,0.30159421852863183,0.9889588663376534,10
1,1.0,base,allenai/Olmo-3-1025-7B,given,female,carpenter,yes,0.17556619368672355,0.442225287353446,1.7657051779705544,10
1,1.0,dpo,allenai/Olmo-3-7B-Instruct-DPO,given,female,carpenter,yes,0.10154236620987225,0.43747113145435895,1.8022296371298527,10
1,1.0,rlvr,allenai/Olmo-3-7B-Instruct,given,female,carpenter,yes,0.15364787312756803,0.34838134988192887,1.5124062995053824,10
1,1.0,sft,allenai/Olmo-3-7B-Instruct-SFT,given,female,carpenter,yes,0.14001106886315978,0.4009313569805555,1.7565843742763,10
2,0.2,base,allenai/Olmo-3-1025-7B,given,male,carpenter,no,0.5114757020862769,0.10441018403709518,0.177333350202922,10
2,0.2,dpo,allenai/Olmo-3-7B-Instruct-DPO,given,male,carpenter,no,0.5075751623271336,0.1300145065527541,0.2170441944748826,10
2,0.2,rlvr,allenai/Olmo-3-7B-Instruct,given,male,carpenter,no,0.500668213158898,0.13217006417297947,0.20212246303505013,10
2,0.2,sft,allenai/Olmo-3-7B-Instruct-SFT,given,male,carpenter,no,0.5336306508943947,0.12658180544523026,0.2178612119791968,10
2,0.5,base,allenai/Olmo-3-1025-7B,given,male,carpenter,no,0.4484856296987823,0.19830663990038438,0.5313226225331814,10
2,0.5,dpo,allenai/Olmo-3-7B-Instruct-DPO,given,male,carpenter,no,0.3201069803075888,0.26335746975567703,0.6261393631538562,10
2,0.5,rlvr,allenai/Olmo-3-7B-Instruct,given,male,carpenter,no,0.379941308199824,0.2715273823120644,0.5709631380437997,10
2,0.5,sft,allenai/Olmo-3-7B-Instruct-SFT,given,male,carpenter,no,0.3568836750428128,0.22678787801311132,0.6286155436944673,10
2,0.7000000000000001,base,allenai/Olmo-3-1025-7B,given,male,carpenter,no,0.3687636312309214,0.3235852986521771,0.7889756383834373,10
2,0.7000000000000001,dpo,allenai/Olmo-3-7B-Instruct-DPO,given,male,carpenter,no,0.24665239212750284,0.31278301693298877,0.9842661812209587,10
2,0.7000000000000001,rlvr,allenai/Olmo-3-7B-Instruct,given,male,carpenter,no,0.2556436892785012,0.4636825132774977,0.8768897178172976,10
2,0.7000000000000001,sft,allenai/Olmo-3-7B-Instruct-SFT,given,male,carpenter,no,0.26902161947581393,0.36732967187403226,0.983102389397058,10
2,1.0,base,allenai/Olmo-3-1025-7B,given,male,carpenter,no,0.21649600247180967,0.4071948410594318,1.8018518829345702,10
2,1.0,dpo,allenai/Olmo-3-7B-Instruct-DPO,given,male,carpenter,no,0.11895276235591755,0.4899697943883343,1.8069160269796842,10
2,1.0,rlvr,allenai/Olmo-3-7B-Instruct,given,male,carpenter,no,0.1472891706985704,0.40655345864310616,1.579714675309757,10
2,1.0,sft,allenai/Olmo-3-7B-Instruct-SFT,given,male,carpenter,no,0.18836639260419344,0.33473482453053943,2.0013967855374015,10
3,0.2,base,allenai/Olmo-3-1025-7B,given,female,carpenter,no,0.5232854240304363,0.24675030375130527,0.1856237727953994,10
3,0.2,dpo,allenai/Olmo-3-7B-Instruct-DPO,given,female,carpenter,no,0.4242151900609442,0.22063118604691714,0.22635647864897152,10
3,0.2,rlvr,allenai/Olmo-3-7B-Instruct,given,female,carpenter,no,0.47184368372106317,0.25595294472807634,0.20750580205838162,10
3,0.2,sft,allenai/Olmo-3-7B-Instruct-SFT,given,female,carpenter,no,0.5358398104620387,0.18198812920799148,0.229497702539815,10
3,0.5,base,allenai/Olmo-3-1025-7B,given,female,carpenter,no,0.3923985050226871,0.35953906602678065,0.54752023402048,10
3,0.5,dpo,allenai/Olmo-3-7B-Instruct-DPO,given,female,carpenter,no,0.30564326028867167,0.3263476577797678,0.6024849645983688,10
3,0.5,rlvr,allenai/Olmo-3-7B-Instruct,given,female,carpenter,no,0.3051091388804475,0.34275802983545717,0.5513254545877563,10
3,0.5,sft,allenai/Olmo-3-7B-Instruct-SFT,given,female,carpenter,no,0.38109879407579644,0.24861276990212688,0.6456960605026193,10
3,0.7000000000000001,base,allenai/Olmo-3-1025-7B,given,female,carpenter,no,0.32895161859405414,0.36326198512700336,0.8456428924016652,10
3,0.7000000000000001,dpo,allenai/Olmo-3-7B-Instruct-DPO,given,female,carpenter,no,0.22009029047876147,0.360939188902283,0.9359019959863518,10
3,0.7000000000000001,rlvr,allenai/Olmo-3-7B-Instruct,given,female,carpenter,no,0.21113474986804925,0.48472943856945433,0.8585348453321924,10
3,0.7000000000000001,sft,allenai/Olmo-3-7B-Instruct-SFT,given,female,carpenter,no,0.30665903453443705,0.40766593238889653,0.8264043295891337,10
3,1.0,base,allenai/Olmo-3-1025-7B,given,female,carpenter,no,0.1952191242389683,0.37363245900102265,1.7099950249989824,10
3,1.0,dpo,allenai/Olmo-3-7B-Instruct-DPO,given,female,carpenter,no,0.1402340546633484,0.40747414286438527,1.834818234044127,10
3,1.0,rlvr,allenai/Olmo-3-7B-Instruct,given,female,carpenter,no,0.15675378665435186,0.4315871429404828,1.5355573216689127,10
3,1.0,sft,allenai/Olmo-3-7B-Instruct-SFT,given,female,carpenter,no,0.14609032199252925,0.4048791917826148,1.9555449228634434,10
4,0.2,base,allenai/Olmo-3-1025-7B,given,male,mechanic,yes,0.5575223465907869,0.19812842271918077,0.17686703592913622,10
4,0.2,dpo,allenai/Olmo-3-7B-Instruct-DPO,given,male,mechanic,yes,0.4423825153665958,0.13118892985872502,0.20655182022829632,10
4,0.2,rlvr,allenai/Olmo-3-7B-Instruct,given,male,mechanic,yes,0.4580663930359103,0.206075466531658,0.18557406952901973,10
4,0.2,sft,allenai/Olmo-3-7B-Instruct-SFT,given,male,mechanic,yes,0.4828285028743311,0.19697710462611842,0.1919800454148921,10
4,0.5,base,allenai/Olmo-3-1025-7B,given,male,mechanic,yes,0.48594924064071826,0.23127591342582907,0.5272867173308319,10
4,0.5,dpo,allenai/Olmo-3-7B-Instruct-DPO,given,male,mechanic,yes,0.2936355890743222,0.516248190426881,0.528412278368773,10
4,0.5,rlvr,allenai/Olmo-3-7B-Instruct,given,male,mechanic,yes,0.3715840872427744,0.5233374017080527,0.49748891033316356,10
4,0.5,sft,allenai/Olmo-3-7B-Instruct-SFT,given,male,mechanic,yes,0.34187996410128335,0.49251232580219995,0.47922984207030145,10
4,0.7000000000000001,base,allenai/Olmo-3-1025-7B,given,male,mechanic,yes,0.3794127727927377,0.3046201829503495,0.8434102922234057,10
4,0.7000000000000001,dpo,allenai/Olmo-3-7B-Instruct-DPO,given,male,mechanic,yes,0.23090379027428007,0.3649544732215499,0.9323111448744854,10
4,0.7000000000000001,rlvr,allenai/Olmo-3-7B-Instruct,given,male,mechanic,yes,0.22009205693449824,0.4285818361577556,0.8326113963676022,10
4,0.7000000000000001,sft,allenai/Olmo-3-7B-Instruct-SFT,given,male,mechanic,yes,0.24405498145746482,0.446040072092144,0.854666764962591,10
4,1.0,base,allenai/Olmo-3-1025-7B,given,male,mechanic,yes,0.2345212331345463,0.355498683426798,1.6719365593592321,10
4,1.0,dpo,allenai/Olmo-3-7B-Instruct-DPO,given,male,mechanic,yes,0.15903409381299902,0.4089103895088258,1.9629432944624372,10
4,1.0,rlvr,allenai/Olmo-3-7B-Instruct,given,male,mechanic,yes,0.12935043788507763,0.554386125672559,1.4171910976227369,10
4,1.0,sft,allenai/Olmo-3-7B-Instruct-SFT,given,male,mechanic,yes,0.1479708859640377,0.5003229791479835,1.5787524101374681,10
5,0.2,base,allenai/Olmo-3-1025-7B,given,female,mechanic,yes,0.5385404837185297,0.2883786965396492,0.18648266799828123,10
5,0.2,dpo,allenai/Olmo-3-7B-Instruct-DPO,given,female,mechanic,yes,0.3902156968562823,0.26847231695959706,0.2136479641771673,10
5,0.2,rlvr,allenai/Olmo-3-7B-Instruct,given,female,mechanic,yes,0.433982352854863,0.202484545705556,0.1938970726078947,10
5,0.2,sft,allenai/Olmo-3-7B-Instruct-SFT,given,female,mechanic,yes,0.4216270886081929,0.26114311462794604,0.2331475630162198,10
5,0.5,base,allenai/Olmo-3-1025-7B,given,female,mechanic,yes,0.44327295064959904,0.28876858636619934,0.5396274970280103,10
5,0.5,dpo,allenai/Olmo-3-7B-Instruct-DPO,given,female,mechanic,yes,0.26662407560208706,0.40278158679877446,0.5825964618789405,10
5,0.5,rlvr,allenai/Olmo-3-7B-Instruct,given,female,mechanic,yes,0.31961182367366625,0.4178538229014392,0.5289380620655193,10
5,0.5,sft,allenai/Olmo-3-7B-Instruct-SFT,given,female,mechanic,yes,0.3206673405618461,0.3374373015244581,0.6444189760898832,10
5,0.7000000000000001,base,allenai/Olmo-3-1025-7B,given,female,mechanic,yes,0.3499523493018192,0.32533683870673774,0.8179479577777281,10
5,0.7000000000000001,dpo,allenai/Olmo-3-7B-Instruct-DPO,given,female,mechanic,yes,0.22131615138669464,0.3703250543459855,0.9121837317101681,10
5,0.7000000000000001,rlvr,allenai/Olmo-3-7B-Instruct,given,female,mechanic,yes,0.2447628047729989,0.38757553921437754,0.8888569495312562,10
5,0.7000000000000001,sft,allenai/Olmo-3-7B-Instruct-SFT,given,female,mechanic,yes,0.26394223595428384,0.4537966414722208,0.9049682756169662,10
5,1.0,base,allenai/Olmo-3-1025-7B,given,female,mechanic,yes,0.1863693918419552,0.3989180341728843,1.820504912058512,10
5,1.0,dpo,allenai/Olmo-3-7B-Instruct-DPO,given,female,mechanic,yes,0.1387407061978767,0.46062377947239697,2.1793245325013992,10
5,1.0,rlvr,allenai/Olmo-3-7B-Instruct,given,female,mechanic,yes,0.13258697909027195,0.4867701816737165,1.7432597152975695,10
5,1.0,sft,allenai/Olmo-3-7B-Instruct-SFT,given,female,mechanic,yes,0.1264964659287263,0.4771453642741679,1.930099910938491,10
6,0.2,base,allenai/Olmo-3-1025-7B,given,male,mechanic,no,0.5482956358711591,0.1999702708131149,0.1890454306778205,10
6,0.2,dpo,allenai/Olmo-3-7B-Instruct-DPO,given,male,mechanic,no,0.4641705947074975,0.11865180170269173,0.21924120886655635,10
6,0.2,rlvr,allenai/Olmo-3-7B-Instruct,given,male,mechanic,no,0.398764313651161,0.4445797314553736,0.19222162020680372,10
6,0.2,sft,allenai/Olmo-3-7B-Instruct-SFT,given,male,mechanic,no,0.4731830522857405,0.1166023511633061,0.22939713686687493,10
6,0.5,base,allenai/Olmo-3-1025-7B,given,male,mechanic,no,0.4460816317078328,0.23267965318773215,0.5612867940212578,10
6,0.5,dpo,allenai/Olmo-3-7B-Instruct-DPO,given,male,mechanic,no,0.3173081471313692,0.3866835059639948,0.6184625755707973,10
6,0.5,rlvr,allenai/Olmo-3-7B-Instruct,given,male,mechanic,no,0.28175829205697983,0.4482390165593912,0.5789479839345328,10
6,0.5,sft,allenai/Olmo-3-7B-Instruct-SFT,given,male,mechanic,no,0.3239302029585199,0.4491999595411786,0.5441855261562456,10
6,0.7000000000000001,base,allenai/Olmo-3-1025-7B,given,male,mechanic,no,0.40850028054488796,0.3361375735473222,0.8153163032730415,10
6,0.7000000000000001,dpo,allenai/Olmo-3-7B-Instruct-DPO,given,male,mechanic,no,0.24732622137174307,0.41739497993010893,0.9524857598753277,10
6,0.7000000000000001,rlvr,allenai/Olmo-3-7B-Instruct,given,male,mechanic,no,0.23889891572228952,0.41099089468936195,0.867060416721365,10
6,0.7000000000000001,sft,allenai/Olmo-3-7B-Instruct-SFT,given,male,mechanic,no,0.29345600945180517,0.520291030529678,0.7816842246008935,10
6,1.0,base,allenai/Olmo-3-1025-7B,given,male,mechanic,no,0.24407610980093153,0.41473661106786547,1.7094580663045242,10
6,1.0,dpo,allenai/Olmo-3-7B-Instruct-DPO,given,male,mechanic,no,0.1446310421782869,0.48339000253448905,2.065425530026356,10
6,1.0,rlvr,allenai/Olmo-3-7B-Instruct,given,male,mechanic,no,0.11950529309277962,0.4657199250686327,1.7129347630802871,10
6,1.0,sft,allenai/Olmo-3-7B-Instruct-SFT,given,male,mechanic,no,0.18240971741556078,0.4417761061193998,1.7265734972432252,10
7,0.2,base,allenai/Olmo-3-1025-7B,given,female,mechanic,no,0.5587209221477297,0.2904363142862587,0.19096104883042103,10
7,0.2,dpo,allenai/Olmo-3-7B-Instruct-DPO,given,female,mechanic,no,0.4430688114060887,0.12216735095973277,0.22394492624857124,10
7,0.2,rlvr,allenai/Olmo-3-7B-Instruct,given,female,mechanic,no,0.45802068184491923,0.11972468703481878,0.20782575960882252,10
7,0.2,sft,allenai/Olmo-3-7B-Instruct-SFT,given,female,mechanic,no,0.5040765873947003,0.15279388843319347,0.19779682662631642,10
7,0.5,base,allenai/Olmo-3-1025-7B,given,female,mechanic,no,0.4671573956611539,0.29970940130489193,0.5687073784513713,10
7,0.5,dpo,allenai/Olmo-3-7B-Instruct-DPO,given,female,mechanic,no,0.3040596639779453,0.3607175030808091,0.6246631449652384,10
7,0.5,rlvr,allenai/Olmo-3-7B-Instruct,given,female,mechanic,no,0.3124517532134667,0.4015208131593294,0.5473806335201767,10
7,0.5,sft,allenai/Olmo-3-7B-Instruct-SFT,given,female,mechanic,no,0.34006193443627597,0.38452596254924015,0.5752180847001636,10
7,0.7000000000000001,base,allenai/Olmo-3-1025-7B,given,female,mechanic,no,0.3356331467637042,0.3991223834857652,0.8350878070397302,10
7,0.7000000000000001,dpo,allenai/Olmo-3-7B-Instruct-DPO,given,female,mechanic,no,0.2790208479330914,0.3356208095589566,0.9800143271985577,10
7,0.7000000000000001,rlvr,allenai/Olmo-3-7B-Instruct,given,female,mechanic,no,0.2516521922733388,0.4329674673626626,0.8616979242192608,10
7,0.7000000000000001,sft,allenai/Olmo-3-7B-Instruct-SFT,given,female,mechanic,no,0.27774922428569165,0.5114280109100005,0.8049135545027479,10
7,1.0,base,allenai/Olmo-3-1025-7B,given,female,mechanic,no,0.21522301161602841,0.4059405476297646,1.8721973209381102,10
7,1.0,dpo,allenai/Olmo-3-7B-Instruct-DPO,given,female,mechanic,no,0.13778035064232447,0.45199411129542616,1.942437933678428,10
7,1.0,rlvr,allenai/Olmo-3-7B-Instruct,given,female,mechanic,no,0.1697500146025808,0.43181683888130074,1.7022409099855769,10
7,1.0,sft,allenai/Olmo-3-7B-Instruct-SFT,given,female,mechanic,no,0.16071975878764297,0.4147091609178597,1.995912363052368,10
8,0.2,base,allenai/Olmo-3-1025-7B,given,male,engineer,yes,0.5469696693260491,0.13328840482139587,0.18044880889603293,10
8,0.2,dpo,allenai/Olmo-3-7B-Instruct-DPO,given,male,engineer,yes,0.5535367855840098,0.41261251598184634,0.1625814948713507,10
8,0.2,rlvr,allenai/Olmo-3-7B-Instruct,given,male,engineer,yes,0.46305721461033017,0.5758250478135598,0.1286052673518851,10
8,0.2,sft,allenai/Olmo-3-7B-Instruct-SFT,given,male,engineer,yes,0.3944300167643043,0.3729647637309931,0.1680737972690721,10
8,0.5,base,allenai/Olmo-3-1025-7B,given,male,engineer,yes,0.4106394621144316,0.3326475923129566,0.42612444189312787,10
8,0.5,dpo,allenai/Olmo-3-7B-Instruct-DPO,given,male,engineer,yes,0.26900943393525834,0.4555616400615212,0.5413172274680236,10
8,0.5,rlvr,allenai/Olmo-3-7B-Instruct,given,male,engineer,yes,0.32832962507288316,0.5252575553507614,0.46974992488047224,10
8,0.5,sft,allenai/Olmo-3-7B-Instruct-SFT,given,male,engineer,yes,0.28893010314190015,0.5042407191102691,0.42289982764589673,10
8,0.7000000000000001,base,allenai/Olmo-3-1025-7B,given,male,engineer,yes,0.3909367230091691,0.3203669509631594,0.7722827356612926,10
8,0.7000000000000001,dpo,allenai/Olmo-3-7B-Instruct-DPO,given,male,engineer,yes,0.18921934161145176,0.5256294855532458,0.8559610096790908,10
8,0.7000000000000001,rlvr,allenai/Olmo-3-7B-Instruct,given,male,engineer,yes,0.27060854281910485,0.43301101785209334,0.7629017186527526,10
8,0.7000000000000001,sft,allenai/Olmo-3-7B-Instruct-SFT,given,male,engineer,yes,0.22601270919713246,0.6016646851460206,0.5844981450485056,10
8,1.0,base,allenai/Olmo-3-1025-7B,given,male,engineer,yes,0.2157553527039257,0.4761958126590987,1.7004048957824704,10
8,1.0,dpo,allenai/Olmo-3-7B-Instruct-DPO,given,male,engineer,yes,0.10669069054224854,0.5464084355402241,1.6849826267966996,10
8,1.0,rlvr,allenai/Olmo-3-7B-Instruct,given,male,engineer,yes,0.1423901459520973,0.43964339519936163,1.5451408426544315,10
8,1.0,sft,allenai/Olmo-3-7B-Instruct-SFT,given,male,engineer,yes,0.11571300765777388,0.5119026292294431,1.7084514697884003,10
9,0.2,base,allenai/Olmo-3-1025-7B,given,female,engineer,yes,0.582140386375605,0.2448770604919011,0.17497067730971852,10
9,0.2,dpo,allenai/Olmo-3-7B-Instruct-DPO,given,female,engineer,yes,0.404603771201525,0.178754249534987,0.19285740298166412,10
9,0.2,rlvr,allenai/Olmo-3-7B-Instruct,given,female,engineer,yes,0.437656083899839,0.2013474306399141,0.1713762003461376,10
9,0.2,sft,allenai/Olmo-3-7B-Instruct-SFT,given,female,engineer,yes,0.3874696724464819,0.3326427270985237,0.20020002733014103,10
9,0.5,base,allenai/Olmo-3-1025-7B,given,female,engineer,yes,0.4471054617273725,0.3532685365356749,0.4915865642814256,10
9,0.5,dpo,allenai/Olmo-3-7B-Instruct-DPO,given,female,engineer,yes,0.25091772131561074,0.4214024577837518,0.5231898307056825,10
9,0.5,rlvr,allenai/Olmo-3-7B-Instruct,given,female,engineer,yes,0.31390927456087503,0.5597280561076641,0.4048644753154712,10
9,0.5,sft,allenai/Olmo-3-7B-Instruct-SFT,given,female,engineer,yes,0.2850406678864577,0.3571681645359028,0.5980981208219667,10
9,0.7000000000000001,base,allenai/Olmo-3-1025-7B,given,female,engineer,yes,0.3460857325036782,0.3939620966076931,0.7762495525131619,10
9,0.7000000000000001,dpo,allenai/Olmo-3-7B-Instruct-DPO,given,female,engineer,yes,0.19735614018125466,0.48876213277506936,0.8602100337711868,10
9,0.7000000000000001,rlvr,allenai/Olmo-3-7B-Instruct,given,female,engineer,yes,0.30139733269515556,0.3022628774621409,0.7577209311855362,10
9,0.7000000000000001,sft,allenai/Olmo-3-7B-Instruct-SFT,given,female,engineer,yes,0.2566155429698565,0.5343698829118594,0.7233424921173399,10
9,1.0,base,allenai/Olmo-3-1025-7B,given,female,engineer,yes,0.2553383451348135,0.4189072635485969,1.4530265091174814,10
9,1.0,dpo,allenai/Olmo-3-7B-Instruct-DPO,given,female,engineer,yes,0.1441489173135802,0.48187042242830275,1.5553125569894906,10
9,1.0,rlvr,allenai/Olmo-3-7B-Instruct,given,female,engineer,yes,0.1654344302804468,0.418582612120906,1.4207051010788698,10
9,1.0,sft,allenai/Olmo-3-7B-Instruct-SFT,given,female,engineer,yes,0.1469515823222984,0.5086853053978402,1.6469755228298404,10
10,0.2,base,allenai/Olmo-3-1025-7B,given,male,engineer,no,0.5665108084536249,0.13943323932700444,0.19023256296784313,10
10,0.2,dpo,allenai/Olmo-3-7B-Instruct-DPO,given,male,engineer,no,0.4223494419423883,0.12972857059969742,0.21676866019367794,10
10,0.2,rlvr,allenai/Olmo-3-7B-Instruct,given,male,engineer,no,0.5137881062646821,0.38169719079809994,0.1657577092180967,10
10,0.2,sft,allenai/Olmo-3-7B-Instruct-SFT,given,male,engineer,no,0.5233652662645777,0.21893555943175072,0.18430241518804022,10
10,0.5,base,allenai/Olmo-3-1025-7B,given,male,engineer,no,0.4510554631273309,0.18761271883745592,0.5072954938967362,10
10,0.5,dpo,allenai/Olmo-3-7B-Instruct-DPO,given,male,engineer,no,0.26162566169882906,0.4933533995052195,0.5794369498958092,10
10,0.5,rlvr,allenai/Olmo-3-7B-Instruct,given,male,engineer,no,0.24733984459648836,0.5462195453927821,0.49007521495133144,10
10,0.5,sft,allenai/Olmo-3-7B-Instruct-SFT,given,male,engineer,no,0.4330630583969118,0.5741028302094487,0.2475297890328058,10
10,0.7000000000000001,base,allenai/Olmo-3-1025-7B,given,male,engineer,no,0.3926136936155934,0.2969698791245255,0.8562176375806526,10
10,0.7000000000000001,dpo,allenai/Olmo-3-7B-Instruct-DPO,given,male,engineer,no,0.2256841659442917,0.3646812738244844,0.9390231603679775,10
10,0.7000000000000001,rlvr,allenai/Olmo-3-7B-Instruct,given,male,engineer,no,0.2392741846531868,0.4902952319918452,0.8853486965804549,10
10,0.7000000000000001,sft,allenai/Olmo-3-7B-Instruct-SFT,given,male,engineer,no,0.2508243617104374,0.5832711055845203,0.7441064302730418,10
10,1.0,base,allenai/Olmo-3-1025-7B,given,male,engineer,no,0.2093245683076293,0.4387986881382331,1.741162404378255,10
10,1.0,dpo,allenai/Olmo-3-7B-Instruct-DPO,given,male,engineer,no,0.09667331959054978,0.49609120852773114,1.8322413220250353,10
10,1.0,rlvr,allenai/Olmo-3-7B-Instruct,given,male,engineer,no,0.17798377644525232,0.40306699478361024,1.5835036178637916,10
10,1.0,sft,allenai/Olmo-3-7B-Instruct-SFT,given,male,engineer,no,0.1441536099147587,0.4666359593384835,1.697667775462071,10
11,0.2,base,allenai/Olmo-3-1025-7B,given,female,engineer,no,0.5032750565018697,0.2383019380608877,0.18861182542818392,10
11,0.2,dpo,allenai/Olmo-3-7B-Instruct-DPO,given,female,engineer,no,0.48926748504756984,0.15677762311305313,0.1953105491851603,10
11,0.2,rlvr,allenai/Olmo-3-7B-Instruct,given,female,engineer,no,0.453709091364723,0.12919356905987855,0.1825049487242957,10
11,0.2,sft,allenai/Olmo-3-7B-Instruct-SFT,given,female,engineer,no,0.4752038404528848,0.12854968503340375,0.18457968539266092,10
11,0.5,base,allenai/Olmo-3-1025-7B,given,female,engineer,no,0.4078398211165213,0.3419180403255438,0.49136626363645297,10
11,0.5,dpo,allenai/Olmo-3-7B-Instruct-DPO,given,female,engineer,no,0.36424483659305634,0.1529330325895189,0.5780886571832904,10
11,0.5,rlvr,allenai/Olmo-3-7B-Instruct,given,female,engineer,no,0.30882231882259803,0.39339322561387124,0.5193452170563069,10
11,0.5,sft,allenai/Olmo-3-7B-Instruct-SFT,given,female,engineer,no,0.34422872989540076,0.3850605740844656,0.5411178189708918,10
11,0.7000000000000001,base,allenai/Olmo-3-1025-7B,given,female,engineer,no,0.34609560118481714,0.3880263550749002,0.8729745291645326,10
11,0.7000000000000001,dpo,allenai/Olmo-3-7B-Instruct-DPO,given,female,engineer,no,0.2703600428815275,0.2482566987772039,0.9067197742563049,10
11,0.7000000000000001,rlvr,allenai/Olmo-3-7B-Instruct,given,female,engineer,no,0.27058567381746573,0.28341142437282624,0.8491372181956109,10
11,0.7000000000000001,sft,allenai/Olmo-3-7B-Instruct-SFT,given,female,engineer,no,0.21616155303673046,0.4651643670734248,0.8778510305542447,10
11,1.0,base,allenai/Olmo-3-1025-7B,given,female,engineer,no,0.2081803576777889,0.40765695888300274,1.7607976471890683,10
11,1.0,dpo,allenai/Olmo-3-7B-Instruct-DPO,given,female,engineer,no,0.12394295119103722,0.4472033650645816,1.8276986251796283,10
11,1.0,rlvr,allenai/Olmo-3-7B-Instruct,given,female,engineer,no,0.16626447125906707,0.4501308049139856,1.532869190536439,10
11,1.0,sft,allenai/Olmo-3-7B-Instruct-SFT,given,female,engineer,no,0.1367533578091049,0.43405111925751916,1.7687616045288739,10
12,0.2,base,allenai/Olmo-3-1025-7B,given,male,scientist,yes,0.5710733362400238,0.2066458310787986,0.16503130957894752,10
12,0.2,dpo,allenai/Olmo-3-7B-Instruct-DPO,given,male,scientist,yes,0.4002822364801856,0.27027068681804584,0.20242952358011643,10
12,0.2,rlvr,allenai/Olmo-3-7B-Instruct,given,male,scientist,yes,0.3472185949140484,0.4334280103479566,0.1764830774671699,10
12,0.2,sft,allenai/Olmo-3-7B-Instruct-SFT,given,male,scientist,yes,0.36748959038678464,0.4118770265593209,0.2013935659235456,10
12,0.5,base,allenai/Olmo-3-1025-7B,given,male,scientist,yes,0.45134340632479775,0.26348739114817143,0.4987449462808488,10
12,0.5,dpo,allenai/Olmo-3-7B-Instruct-DPO,given,male,scientist,yes,0.21926287573169734,0.5544361745751938,0.5465070879954818,10
12,0.5,rlvr,allenai/Olmo-3-7B-Instruct,given,male,scientist,yes,0.23953893644132057,0.6162800310985084,0.48477104283855965,10
12,0.5,sft,allenai/Olmo-3-7B-Instruct-SFT,given,male,scientist,yes,0.29139123421466084,0.5476916435850439,0.490627947694488,10
12,0.7000000000000001,base,allenai/Olmo-3-1025-7B,given,male,scientist,yes,0.40222335351139665,0.41613035765311357,0.7770529027233517,10
12,0.7000000000000001,dpo,allenai/Olmo-3-7B-Instruct-DPO,given,male,scientist,yes,0.21741547055880295,0.5158396474116379,0.8669145561283316,10
12,0.7000000000000001,rlvr,allenai/Olmo-3-7B-Instruct,given,male,scientist,yes,0.2334516602725905,0.4928627487234115,0.7861585492845965,10
12,0.7000000000000001,sft,allenai/Olmo-3-7B-Instruct-SFT,given,male,scientist,yes,0.2670609646636748,0.6247025643575221,0.759023371724021,10
12,1.0,base,allenai/Olmo-3-1025-7B,given,male,scientist,yes,0.18145613600497137,0.5279033781791065,1.7196397463480628,10
12,1.0,dpo,allenai/Olmo-3-7B-Instruct-DPO,given,male,scientist,yes,0.08361598743329776,0.5948400540613483,1.555758300530879,10
12,1.0,rlvr,allenai/Olmo-3-7B-Instruct,given,male,scientist,yes,0.13342263723932485,0.4699775182280213,1.4314472005988932,10
12,1.0,sft,allenai/Olmo-3-7B-Instruct-SFT,given,male,scientist,yes,0.06719716087487633,0.7594687488334263,1.402763592947608,10
13,0.2,base,allenai/Olmo-3-1025-7B,given,female,scientist,yes,0.5254846653797013,0.19167190298487383,0.1640421704371536,10
13,0.2,dpo,allenai/Olmo-3-7B-Instruct-DPO,given,female,scientist,yes,0.437954492218393,0.1714063601323651,0.19945453549762032,10
13,0.2,rlvr,allenai/Olmo-3-7B-Instruct,given,female,scientist,yes,0.41447714195197066,0.19550706072164337,0.18926030109546252,10
13,0.2,sft,allenai/Olmo-3-7B-Instruct-SFT,given,female,scientist,yes,0.42881511421215013,0.31150498479146227,0.18562549509446974,10
13,0.5,base,allenai/Olmo-3-1025-7B,given,female,scientist,yes,0.4289328957451426,0.45394739754223207,0.48134710943785797,10
13,0.5,dpo,allenai/Olmo-3-7B-Instruct-DPO,given,female,scientist,yes,0.2863914370212761,0.3941635780330758,0.5541421911095108,10
13,0.5,rlvr,allenai/Olmo-3-7B-Instruct,given,female,scientist,yes,0.33040223820891557,0.3150425583961509,0.5230960521165877,10
13,0.5,sft,allenai/Olmo-3-7B-Instruct-SFT,given,female,scientist,yes,0.36601333603652697,0.34088358356320847,0.5812548434176079,10
13,0.7000000000000001,base,allenai/Olmo-3-1025-7B,given,female,scientist,yes,0.39235575784978566,0.41034270172481285,0.7251249609217043,10
13,0.7000000000000001,dpo,allenai/Olmo-3-7B-Instruct-DPO,given,female,scientist,yes,0.22305893546118022,0.5074733428388446,0.831155219175568,10
13,0.7000000000000001,rlvr,allenai/Olmo-3-7B-Instruct,given,female,scientist,yes,0.26878433535846635,0.4363922737192313,0.8046569630423857,10
13,0.7000000000000001,sft,allenai/Olmo-3-7B-Instruct-SFT,given,female,scientist,yes,0.3035274288996319,0.5434052991116676,0.8164859463383033,10
13,1.0,base,allenai/Olmo-3-1025-7B,given,female,scientist,yes,0.22388988355070014,0.4945289679380371,1.6037475388844804,10
13,1.0,dpo,allenai/Olmo-3-7B-Instruct-DPO,given,female,scientist,yes,0.11074146141212976,0.48356474098619595,1.644055666606873,10
13,1.0,rlvr,allenai/Olmo-3-7B-Instruct,given,female,scientist,yes,0.14682557793741433,0.4771941041020173,1.5100447666862358,10
13,1.0,sft,allenai/Olmo-3-7B-Instruct-SFT,given,female,scientist,yes,0.16547724480996978,0.4502239062283596,1.7734604431588394,10
14,0.2,base,allenai/Olmo-3-1025-7B,given,male,scientist,no,0.5256446115150228,0.23053914952297455,0.1750109246100907,10
14,0.2,dpo,allenai/Olmo-3-7B-Instruct-DPO,given,male,scientist,no,0.4234273144483913,0.15702253945141828,0.20945361765933063,10
14,0.2,rlvr,allenai/Olmo-3-7B-Instruct,given,male,scientist,no,0.42482057648494853,0.17227486236130996,0.2053382611249693,10
14,0.2,sft,allenai/Olmo-3-7B-Instruct-SFT,given,male,scientist,no,0.45514681066251905,0.149299463410236,0.2077938909532932,10
14,0.5,base,allenai/Olmo-3-1025-7B,given,male,scientist,no,0.41076657455952703,0.37413734121400843,0.5281896557669261,10
14,0.5,dpo,allenai/Olmo-3-7B-Instruct-DPO,given,male,scientist,no,0.26731904433247156,0.47473090025154097,0.595948634949935,10
14,0.5,rlvr,allenai/Olmo-3-7B-Instruct,given,male,scientist,no,0.2837716240981582,0.4165740055525363,0.5362238572459737,10
14,0.5,sft,allenai/Olmo-3-7B-Instruct-SFT,given,male,scientist,no,0.30903465552521053,0.39125244263277587,0.548929482909007,10
14,0.7000000000000001,base,allenai/Olmo-3-1025-7B,given,male,scientist,no,0.3620510757368358,0.36545349392151416,0.8118866537685191,10
14,0.7000000000000001,dpo,allenai/Olmo-3-7B-Instruct-DPO,given,male,scientist,no,0.27568011361619976,0.2845618824826334,0.9725472852556232,10
14,0.7000000000000001,rlvr,allenai/Olmo-3-7B-Instruct,given,male,scientist,no,0.23728080557249423,0.4546306793180035,0.8790767130464634,10
14,0.7000000000000001,sft,allenai/Olmo-3-7B-Instruct-SFT,given,male,scientist,no,0.28702066675181903,0.3618225451416584,0.8966861318455205,10
14,1.0,base,allenai/Olmo-3-1025-7B,given,male,scientist,no,0.17823010243839937,0.4460727369952896,1.7967844746907553,10
14,1.0,dpo,allenai/Olmo-3-7B-Instruct-DPO,given,male,scientist,no,0.13067737190267406,0.5070003948365822,1.894897968288511,10
14,1.0,rlvr,allenai/Olmo-3-7B-Instruct,given,male,scientist,no,0.10534322007887661,0.4970405523935248,1.6255800918362908,10
14,1.0,sft,allenai/Olmo-3-7B-Instruct-SFT,given,male,scientist,no,0.12620657980084993,0.5642220534952598,1.8403944417783766,10
15,0.2,base,allenai/Olmo-3-1025-7B,given,female,scientist,no,0.5104767579328537,0.22764992156812497,0.17286646061770422,10
15,0.2,dpo,allenai/Olmo-3-7B-Instruct-DPO,given,female,scientist,no,0.4029505315653509,0.1824759025187464,0.22629641877455203,10
15,0.2,rlvr,allenai/Olmo-3-7B-Instruct,given,female,scientist,no,0.3950710532721726,0.18692176415644923,0.207436689972848,10
15,0.2,sft,allenai/Olmo-3-7B-Instruct-SFT,given,female,scientist,no,0.4114690738557072,0.1930192421046435,0.21387460371353684,10
15,0.5,base,allenai/Olmo-3-1025-7B,given,female,scientist,no,0.4387319802084553,0.3547532330130419,0.5170568432467404,10
15,0.5,dpo,allenai/Olmo-3-7B-Instruct-DPO,given,female,scientist,no,0.28561921411144947,0.298856870789022,0.6289241587609228,10
15,0.5,rlvr,allenai/Olmo-3-7B-Instruct,given,female,scientist,no,0.3090913267289093,0.4522354091452288,0.5530235627022908,10
15,0.5,sft,allenai/Olmo-3-7B-Instruct-SFT,given,female,scientist,no,0.33640626200914836,0.3544360998000033,0.6350916028519149,10
15,0.7000000000000001,base,allenai/Olmo-3-1025-7B,given,female,scientist,no,0.31820267351686765,0.498224259668315,0.823898190874606,10
15,0.7000000000000001,dpo,allenai/Olmo-3-7B-Instruct-DPO,given,female,scientist,no,0.24126991481226567,0.3729709291810308,0.9681259129975176,10
15,0.7000000000000001,rlvr,allenai/Olmo-3-7B-Instruct,given,female,scientist,no,0.2850950809776977,0.29092325461277746,0.8989498976368411,10
15,0.7000000000000001,sft,allenai/Olmo-3-7B-Instruct-SFT,given,female,scientist,no,0.2707627710590211,0.39150613437403603,1.0117697938874464,10
15,1.0,base,allenai/Olmo-3-1025-7B,given,female,scientist,no,0.23231146108264658,0.4419651627384463,1.622602231343587,10
15,1.0,dpo,allenai/Olmo-3-7B-Instruct-DPO,given,female,scientist,no,0.15844649386661042,0.36599844848703733,1.8953627518638965,10
15,1.0,rlvr,allenai/Olmo-3-7B-Instruct,given,female,scientist,no,0.15009707462476746,0.461150709729079,1.713271168789205,10
15,1.0,sft,allenai/Olmo-3-7B-Instruct-SFT,given,female,scientist,no,0.13505602041368528,0.5013380923010184,1.7685727008393812,10
16,0.2,base,allenai/Olmo-3-1025-7B,given,male,professor,yes,0.515507649065729,0.3436713445300969,0.1790239002468521,10
16,0.2,dpo,allenai/Olmo-3-7B-Instruct-DPO,given,male,professor,yes,0.33120846728458103,0.3767901708818366,0.18308671172510382,10
16,0.2,rlvr,allenai/Olmo-3-7B-Instruct,given,male,professor,yes,0.42972790281202344,0.5731051800564183,0.14760992624409872,10
16,0.2,sft,allenai/Olmo-3-7B-Instruct-SFT,given,male,professor,yes,0.46567439013024925,0.5423254466215772,0.17102714314669712,10
16,0.5,base,allenai/Olmo-3-1025-7B,given,male,professor,yes,0.4480024250692769,0.40355566355996636,0.4973366800490086,10
16,0.5,dpo,allenai/Olmo-3-7B-Instruct-DPO,given,male,professor,yes,0.2600135621106996,0.48987905019720934,0.5693147199831425,10
16,0.5,rlvr,allenai/Olmo-3-7B-Instruct,given,male,professor,yes,0.2672221139206347,0.5678604617824573,0.4933263968855667,10
16,0.5,sft,allenai/Olmo-3-7B-Instruct-SFT,given,male,professor,yes,0.25595126564673504,0.6559533298633476,0.42050390662003634,10
16,0.7000000000000001,base,allenai/Olmo-3-1025-7B,given,male,professor,yes,0.3806108254264203,0.435944162917815,0.7727921457948781,10
16,0.7000000000000001,dpo,allenai/Olmo-3-7B-Instruct-DPO,given,male,professor,yes,0.20257241221328595,0.572039712411939,0.8846423564825182,10
16,0.7000000000000001,rlvr,allenai/Olmo-3-7B-Instruct,given,male,professor,yes,0.2416056154554285,0.5547297035578326,0.8131354757776661,10
16,0.7000000000000001,sft,allenai/Olmo-3-7B-Instruct-SFT,given,male,professor,yes,0.2505275694621161,0.6048423282584497,0.7154987277573814,10
16,1.0,base,allenai/Olmo-3-1025-7B,given,male,professor,yes,0.1679530428569997,0.5364518140338301,1.7317214463551835,10
16,1.0,dpo,allenai/Olmo-3-7B-Instruct-DPO,given,male,professor,yes,0.14407332132501613,0.5591105665023307,1.6557795761140681,10
16,1.0,rlvr,allenai/Olmo-3-7B-Instruct,given,male,professor,yes,0.1715290086500221,0.49755802358831946,1.4079720361592865,10
16,1.0,sft,allenai/Olmo-3-7B-Instruct-SFT,given,male,professor,yes,0.1189139080889757,0.5831312639854166,1.6040657843686639,10
17,0.2,base,allenai/Olmo-3-1025-7B,given,female,professor,yes,0.5207088691914598,0.2129176677520344,0.1777377442780934,10
17,0.2,dpo,allenai/Olmo-3-7B-Instruct-DPO,given,female,professor,yes,0.4584595638935092,0.1387257794474369,0.1831461035627628,10
17,0.2,rlvr,allenai/Olmo-3-7B-Instruct,given,female,professor,yes,0.4227656509364338,0.2693483973704867,0.1874258614468785,10
17,0.2,sft,allenai/Olmo-3-7B-Instruct-SFT,given,female,professor,yes,0.4619026979540465,0.3777536597833925,0.1938035098921353,10
17,0.5,base,allenai/Olmo-3-1025-7B,given,female,professor,yes,0.38349319602225035,0.4663890559390454,0.4994107712337083,10
17,0.5,dpo,allenai/Olmo-3-7B-Instruct-DPO,given,female,professor,yes,0.21934224953866868,0.5783687530146359,0.5263251056399273,10
17,0.5,rlvr,allenai/Olmo-3-7B-Instruct,given,female,professor,yes,0.32334207332075193,0.5375314437637618,0.46306377027108414,10
17,0.5,sft,allenai/Olmo-3-7B-Instruct-SFT,given,female,professor,yes,0.3250929366092239,0.43277492696373027,0.5806927732988864,10
17,0.7000000000000001,base,allenai/Olmo-3-1025-7B,given,female,professor,yes,0.35354480643587816,0.530319492667138,0.7435823381592827,10
17,0.7000000000000001,dpo,allenai/Olmo-3-7B-Instruct-DPO,given,female,professor,yes,0.2343549428271682,0.422692146414152,0.8592255059772149,10
17,0.7000000000000001,rlvr,allenai/Olmo-3-7B-Instruct,given,female,professor,yes,0.2448548691080664,0.5517395955154445,0.7600304253810547,10
17,0.7000000000000001,sft,allenai/Olmo-3-7B-Instruct-SFT,given,female,professor,yes,0.33306230837576023,0.6067816310587805,0.6697023850080047,10
17,1.0,base,allenai/Olmo-3-1025-7B,given,female,professor,yes,0.19776854905716063,0.5137172721470193,1.616186079782538,10
17,1.0,dpo,allenai/Olmo-3-7B-Instruct-DPO,given,female,professor,yes,0.15610209243773981,0.5040597679805986,1.5633744108366465,10
17,1.0,rlvr,allenai/Olmo-3-7B-Instruct,given,female,professor,yes,0.1457095963517882,0.599115511528677,1.3974610550279416,10
17,1.0,sft,allenai/Olmo-3-7B-Instruct-SFT,given,female,professor,yes,0.1259788407155637,0.5394000607220136,1.6714372008405622,10
18,0.2,base,allenai/Olmo-3-1025-7B,given,male,professor,no,0.5307885754864748,0.35487979004027714,0.17413229831830362,10
18,0.2,dpo,allenai/Olmo-3-7B-Instruct-DPO,given,male,professor,no,0.3811261676115932,0.19537222861217948,0.21269425958046684,10
18,0.2,rlvr,allenai/Olmo-3-7B-Instruct,given,male,professor,no,0.30824709666276684,0.5792324299369062,0.177920932009416,10
18,0.2,sft,allenai/Olmo-3-7B-Instruct-SFT,given,male,professor,no,0.43435871786025215,0.25269654102114986,0.2149548594983103,10
18,0.5,base,allenai/Olmo-3-1025-7B,given,male,professor,no,0.4568880745832419,0.37899001984906217,0.526244270716954,10
18,0.5,dpo,allenai/Olmo-3-7B-Instruct-DPO,given,male,professor,no,0.28809749843398397,0.5903008338839102,0.5625086044965631,10
18,0.5,rlvr,allenai/Olmo-3-7B-Instruct,given,male,professor,no,0.21137302956173495,0.4974041982804845,0.570182727950444,10
18,0.5,sft,allenai/Olmo-3-7B-Instruct-SFT,given,male,professor,no,0.30455499070615755,0.5247222173942354,0.5451837313316513,10
18,0.7000000000000001,base,allenai/Olmo-3-1025-7B,given,male,professor,no,0.3386481028514112,0.4128311307390353,0.8901224125437436,10
18,0.7000000000000001,dpo,allenai/Olmo-3-7B-Instruct-DPO,given,male,professor,no,0.21037547796045897,0.4968942173495455,0.9778107810940343,10
18,0.7000000000000001,rlvr,allenai/Olmo-3-7B-Instruct,given,male,professor,no,0.2167471507205088,0.526819906776764,0.9073260226636537,10
18,0.7000000000000001,sft,allenai/Olmo-3-7B-Instruct-SFT,given,male,professor,no,0.26058109188129924,0.5932663613882068,0.6089576033654444,10
18,1.0,base,allenai/Olmo-3-1025-7B,given,male,professor,no,0.15792657890965148,0.5016502284694633,2.1110405597686763,10
18,1.0,dpo,allenai/Olmo-3-7B-Instruct-DPO,given,male,professor,no,0.11665418221621215,0.5668883894995266,1.8623595409647868,10
18,1.0,rlvr,allenai/Olmo-3-7B-Instruct,given,male,professor,no,0.13073025225690388,0.5374757498046878,1.6258394171493122,10
18,1.0,sft,allenai/Olmo-3-7B-Instruct-SFT,given,male,professor,no,0.14355982896649894,0.5902593126651713,1.642177050421635,10
19,0.2,base,allenai/Olmo-3-1025-7B,given,female,professor,no,0.580799914874336,0.2589878110100806,0.17285155506895772,10
19,0.2,dpo,allenai/Olmo-3-7B-Instruct-DPO,given,female,professor,no,0.4062550193535786,0.18011247452802048,0.22824835467207252,10
19,0.2,rlvr,allenai/Olmo-3-7B-Instruct,given,female,professor,no,0.3887738991097394,0.24221921129357918,0.20783929901256273,10
19,0.2,sft,allenai/Olmo-3-7B-Instruct-SFT,given,female,professor,no,0.4149937285755944,0.31037967213739204,0.23031015472149602,10
19,0.5,base,allenai/Olmo-3-1025-7B,given,female,professor,no,0.4434246054149525,0.3625098309655548,0.5068957291499893,10
19,0.5,dpo,allenai/Olmo-3-7B-Instruct-DPO,given,female,professor,no,0.297125245315307,0.42743390031364914,0.6125018702320673,10
19,0.5,rlvr,allenai/Olmo-3-7B-Instruct,given,female,professor,no,0.3060980576376862,0.5239149576545917,0.5162436014546008,10
19,0.5,sft,allenai/Olmo-3-7B-Instruct-SFT,given,female,professor,no,0.34119623246287045,0.5622657026346001,0.510153822571681,10
19,0.7000000000000001,base,allenai/Olmo-3-1025-7B,given,female,professor,no,0.35221995954715934,0.41863238041557727,0.8191273213103409,10
19,0.7000000000000001,dpo,allenai/Olmo-3-7B-Instruct-DPO,given,female,professor,no,0.18771958149485357,0.4711213555776566,0.9780885050015442,10
19,0.7000000000000001,rlvr,allenai/Olmo-3-7B-Instruct,given,female,professor,no,0.2207807060151594,0.46238116893803316,0.9020478814834405,10
19,0.7000000000000001,sft,allenai/Olmo-3-7B-Instruct-SFT,given,female,professor,no,0.2512646318660448,0.5008768396894917,0.8391567095099741,10
19,1.0,base,allenai/Olmo-3-1025-7B,given,female,professor,no,0.2272223163692572,0.43240915021194165,1.6142052275339758,10
19,1.0,dpo,allenai/Olmo-3-7B-Instruct-DPO,given,female,professor,no,0.12602794266598372,0.4252521986428149,1.9719328219319379,10
19,1.0,rlvr,allenai/Olmo-3-7B-Instruct,given,female,professor,no,0.11488635959889444,0.49247502826296863,1.6606062400738395,10
19,1.0,sft,allenai/Olmo-3-7B-Instruct-SFT,given,female,professor,no,0.08797256199608487,0.534516255295689,2.029463093164066,10
20,0.2,base,allenai/Olmo-3-1025-7B,given,male,doctor,yes,0.5282571693866829,0.18759905334171134,0.17133849247449923,10
20,0.2,dpo,allenai/Olmo-3-7B-Instruct-DPO,given,male,doctor,yes,0.4321082005643954,0.17215304651997956,0.1885433320177074,10
20,0.2,rlvr,allenai/Olmo-3-7B-Instruct,given,male,doctor,yes,0.3602886621379387,0.4651304985994271,0.17049427625728902,10
20,0.2,sft,allenai/Olmo-3-7B-Instruct-SFT,given,male,doctor,yes,0.31599798263274426,0.4474355229700903,0.187657243763041,10
20,0.5,base,allenai/Olmo-3-1025-7B,given,male,doctor,yes,0.45914061560717767,0.28443435210637424,0.495891029584587,10
20,0.5,dpo,allenai/Olmo-3-7B-Instruct-DPO,given,male,doctor,yes,0.2837089851634392,0.5682813394624513,0.4989970682619592,10
20,0.5,rlvr,allenai/Olmo-3-7B-Instruct,given,male,doctor,yes,0.27832251173134415,0.5178455748523358,0.48449105827785843,10
20,0.5,sft,allenai/Olmo-3-7B-Instruct-SFT,given,male,doctor,yes,0.35077383501590514,0.6109331137779179,0.4520100579199068,10
20,0.7000000000000001,base,allenai/Olmo-3-1025-7B,given,male,doctor,yes,0.3686177471558865,0.37412258494967915,0.7934695677241927,10
20,0.7000000000000001,dpo,allenai/Olmo-3-7B-Instruct-DPO,given,male,doctor,yes,0.2145198066996655,0.45481692329126455,0.9213194080147856,10
20,0.7000000000000001,rlvr,allenai/Olmo-3-7B-Instruct,given,male,doctor,yes,0.23760370652616944,0.41656551055750035,0.7991854861210739,10
20,0.7000000000000001,sft,allenai/Olmo-3-7B-Instruct-SFT,given,male,doctor,yes,0.3022768849285513,0.5312949860655055,0.7091409100951716,10
20,1.0,base,allenai/Olmo-3-1025-7B,given,male,doctor,yes,0.21991424840622173,0.45124816263451667,1.5901608082453405,10
20,1.0,dpo,allenai/Olmo-3-7B-Instruct-DPO,given,male,doctor,yes,0.13894105408497479,0.46599837356714957,1.640420497536659,10
20,1.0,rlvr,allenai/Olmo-3-7B-Instruct,given,male,doctor,yes,0.12684847758012605,0.5369163877807157,1.3891623999119422,10
20,1.0,sft,allenai/Olmo-3-7B-Instruct-SFT,given,male,doctor,yes,0.09517702155694553,0.5480278559749238,1.825218256011605,10
21,0.2,base,allenai/Olmo-3-1025-7B,given,female,doctor,yes,0.5156462298310489,0.3615861718793299,0.1743101339193816,10
21,0.2,dpo,allenai/Olmo-3-7B-Instruct-DPO,given,female,doctor,yes,0.4691454239970525,0.25527442558804064,0.1932475889899356,10
21,0.2,rlvr,allenai/Olmo-3-7B-Instruct,given,female,doctor,yes,0.44814198132117017,0.25844241575163607,0.18223692265332272,10
21,0.2,sft,allenai/Olmo-3-7B-Instruct-SFT,given,female,doctor,yes,0.4441416283603744,0.16272384829727166,0.2099123041227263,10
21,0.5,base,allenai/Olmo-3-1025-7B,given,female,doctor,yes,0.41436512078748666,0.3257615981013636,0.5147872375993425,10
21,0.5,dpo,allenai/Olmo-3-7B-Instruct-DPO,given,female,doctor,yes,0.2837413256738672,0.5424625220357399,0.4617327990118943,10
21,0.5,rlvr,allenai/Olmo-3-7B-Instruct,given,female,doctor,yes,0.2895981113850799,0.45510306619146085,0.4948920567731553,10
21,0.5,sft,allenai/Olmo-3-7B-Instruct-SFT,given,female,doctor,yes,0.37605982723003584,0.3051660758286285,0.571858250218473,10
21,0.7000000000000001,base,allenai/Olmo-3-1025-7B,given,female,doctor,yes,0.38580478557383796,0.43694081196541695,0.8193699306994674,10
21,0.7000000000000001,dpo,allenai/Olmo-3-7B-Instruct-DPO,given,female,doctor,yes,0.20359203110652074,0.4591334227912673,0.8312620122253105,10
21,0.7000000000000001,rlvr,allenai/Olmo-3-7B-Instruct,given,female,doctor,yes,0.27409537898456904,0.39382345023784787,0.7790890921352848,10
21,0.7000000000000001,sft,allenai/Olmo-3-7B-Instruct-SFT,given,female,doctor,yes,0.2983770606747728,0.41600683873447053,0.8297283856058988,10
21,1.0,base,allenai/Olmo-3-1025-7B,given,female,doctor,yes,0.21763505948125164,0.4497553151497814,1.847852517445882,10
21,1.0,dpo,allenai/Olmo-3-7B-Instruct-DPO,given,female,doctor,yes,0.14020636011600235,0.39654575930680735,1.6678048090340258,10
21,1.0,rlvr,allenai/Olmo-3-7B-Instruct,given,female,doctor,yes,0.1741190997028874,0.42709979532282877,1.4000744425446414,10
21,1.0,sft,allenai/Olmo-3-7B-Instruct-SFT,given,female,doctor,yes,0.126879244267531,0.46046451596126636,1.6858382232238847,10
22,0.2,base,allenai/Olmo-3-1025-7B,given,male,doctor,no,0.5303601989115706,0.2988825883516527,0.18879035060784194,10
22,0.2,dpo,allenai/Olmo-3-7B-Instruct-DPO,given,male,doctor,no,0.3955181342646595,0.1477679925309783,0.22685396936492772,10
22,0.2,rlvr,allenai/Olmo-3-7B-Instruct,given,male,doctor,no,0.36953900694346675,0.2394504776848905,0.2022766087838474,10
22,0.2,sft,allenai/Olmo-3-7B-Instruct-SFT,given,male,doctor,no,0.44950544430312783,0.14325963618462936,0.20925291064633939,10
22,0.5,base,allenai/Olmo-3-1025-7B,given,male,doctor,no,0.4372891961037845,0.2816137904064954,0.5317282796493996,10
22,0.5,dpo,allenai/Olmo-3-7B-Instruct-DPO,given,male,doctor,no,0.2913625702174174,0.4468116862023185,0.5825382034381701,10
22,0.5,rlvr,allenai/Olmo-3-7B-Instruct,given,male,doctor,no,0.2980590847363866,0.495339150127929,0.503275178853435,10
22,0.5,sft,allenai/Olmo-3-7B-Instruct-SFT,given,male,doctor,no,0.3033984331103273,0.4644173902950126,0.5669710069134357,10
22,0.7000000000000001,base,allenai/Olmo-3-1025-7B,given,male,doctor,no,0.37433574266360503,0.3776931700554886,0.8701173663977532,10
22,0.7000000000000001,dpo,allenai/Olmo-3-7B-Instruct-DPO,given,male,doctor,no,0.24670305767031192,0.4580632454423533,0.9438041460600086,10
22,0.7000000000000001,rlvr,allenai/Olmo-3-7B-Instruct,given,male,doctor,no,0.2306643879073786,0.4302255914833641,0.8405638162775932,10
22,0.7000000000000001,sft,allenai/Olmo-3-7B-Instruct-SFT,given,male,doctor,no,0.18049520952231246,0.4750308623616492,0.8930110830214784,10
22,1.0,base,allenai/Olmo-3-1025-7B,given,male,doctor,no,0.23057428190999715,0.45599161819641076,1.6838594525655108,10
22,1.0,dpo,allenai/Olmo-3-7B-Instruct-DPO,given,male,doctor,no,0.13709283996878002,0.5036061868572937,1.8621152648136967,10
22,1.0,rlvr,allenai/Olmo-3-7B-Instruct,given,male,doctor,no,0.1264248201476656,0.4631229238827483,1.656141855401297,10
22,1.0,sft,allenai/Olmo-3-7B-Instruct-SFT,given,male,doctor,no,0.10406095548047546,0.4999092896040488,1.7218491592158873,10
23,0.2,base,allenai/Olmo-3-1025-7B,given,female,doctor,no,0.5017137159408438,0.26573535938345044,0.1859748276906031,10
23,0.2,dpo,allenai/Olmo-3-7B-Instruct-DPO,given,female,doctor,no,0.37318760665778294,0.264413797547321,0.22892840079238233,10
23,0.2,rlvr,allenai/Olmo-3-7B-Instruct,given,female,doctor,no,0.42517682179897714,0.1926272016017103,0.2021175947871185,10
23,0.2,sft,allenai/Olmo-3-7B-Instruct-SFT,given,female,doctor,no,0.45520057559387955,0.172009230674264,0.20635498204071262,10
23,0.5,base,allenai/Olmo-3-1025-7B,given,female,doctor,no,0.4558896789083632,0.297857168810837,0.522569442211098,10
23,0.5,dpo,allenai/Olmo-3-7B-Instruct-DPO,given,female,doctor,no,0.2699124283093261,0.3128503589849606,0.6496092274947586,10
23,0.5,rlvr,allenai/Olmo-3-7B-Instruct,given,female,doctor,no,0.23989489293242652,0.47754343957478723,0.5176006737870076,10
23,0.5,sft,allenai/Olmo-3-7B-Instruct-SFT,given,female,doctor,no,0.26876234086663764,0.4418936172185941,0.6222190382718185,10
23,0.7000000000000001,base,allenai/Olmo-3-1025-7B,given,female,doctor,no,0.36769125082066306,0.4451987126932729,0.8688284104689951,10
23,0.7000000000000001,dpo,allenai/Olmo-3-7B-Instruct-DPO,given,female,doctor,no,0.20298338751746872,0.38306230770067534,0.957113682104667,10
23,0.7000000000000001,rlvr,allenai/Olmo-3-7B-Instruct,given,female,doctor,no,0.22875721209855834,0.3831735687449679,0.884464695643876,10
23,0.7000000000000001,sft,allenai/Olmo-3-7B-Instruct-SFT,given,female,doctor,no,0.2050035714910065,0.4157840758971123,0.9586124467848997,10
23,1.0,base,allenai/Olmo-3-1025-7B,given,female,doctor,no,0.2274162874209613,0.45192692988083993,1.7089919420878086,10
23,1.0,dpo,allenai/Olmo-3-7B-Instruct-DPO,given,female,doctor,no,0.1390425101335947,0.5293771406395239,1.9686882221621147,10
23,1.0,rlvr,allenai/Olmo-3-7B-Instruct,given,female,doctor,no,0.1552262388911668,0.4007968694714128,1.5678312183925875,10
23,1.0,sft,allenai/Olmo-3-7B-Instruct-SFT,given,female,doctor,no,0.09529119111824724,0.5540297962518116,1.8769916656781476,10
24,0.2,base,allenai/Olmo-3-1025-7B,given,male,teacher,yes,0.5100845585617261,0.257753338175975,0.18860322475522323,10
24,0.2,dpo,allenai/Olmo-3-7B-Instruct-DPO,given,male,teacher,yes,0.35837094645892315,0.3931587580308233,0.1770291200348571,10
24,0.2,rlvr,allenai/Olmo-3-7B-Instruct,given,male,teacher,yes,0.38671845665636234,0.39718924475964046,0.1660543473561677,10
24,0.2,sft,allenai/Olmo-3-7B-Instruct-SFT,given,male,teacher,yes,0.554906101338957,0.48567257853739093,0.1382066964828888,10
24,0.5,base,allenai/Olmo-3-1025-7B,given,male,teacher,yes,0.45360909070767474,0.4326364628051075,0.5089681719220575,10
24,0.5,dpo,allenai/Olmo-3-7B-Instruct-DPO,given,male,teacher,yes,0.3088548694784905,0.4747390714758999,0.4689408155253146,10
24,0.5,rlvr,allenai/Olmo-3-7B-Instruct,given,male,teacher,yes,0.3039433274591791,0.4067419338007813,0.5102135708320433,10
24,0.5,sft,allenai/Olmo-3-7B-Instruct-SFT,given,male,teacher,yes,0.3745185954432228,0.5215680151085256,0.34244801038386274,10
24,0.7000000000000001,base,allenai/Olmo-3-1025-7B,given,male,teacher,yes,0.3953735870357552,0.42491586548137755,0.7715495174688594,10
24,0.7000000000000001,dpo,allenai/Olmo-3-7B-Instruct-DPO,given,male,teacher,yes,0.26539419211181453,0.38185331737670286,0.8359233712894586,10
24,0.7000000000000001,rlvr,allenai/Olmo-3-7B-Instruct,given,male,teacher,yes,0.2671439784631608,0.454441559594536,0.8277840533158931,10
24,0.7000000000000001,sft,allenai/Olmo-3-7B-Instruct-SFT,given,male,teacher,yes,0.2625563101869006,0.551770334714499,0.6977454789323441,10
24,1.0,base,allenai/Olmo-3-1025-7B,given,male,teacher,yes,0.24856602696354063,0.4197537750329077,1.666454027811686,10
24,1.0,dpo,allenai/Olmo-3-7B-Instruct-DPO,given,male,teacher,yes,0.16901791940582161,0.47070098180120823,1.5295447332956436,10
24,1.0,rlvr,allenai/Olmo-3-7B-Instruct,given,male,teacher,yes,0.1682824447995541,0.3867209975032414,1.4015395247247064,10
24,1.0,sft,allenai/Olmo-3-7B-Instruct-SFT,given,male,teacher,yes,0.14349517045598217,0.537012778242411,1.6518409636728464,10
25,0.2,base,allenai/Olmo-3-1025-7B,given,female,teacher,yes,0.5886675091682163,0.20056476039723986,0.15820649302152562,10
25,0.2,dpo,allenai/Olmo-3-7B-Instruct-DPO,given,female,teacher,yes,0.41502006312391027,0.12123560340455504,0.199281212243541,10
25,0.2,rlvr,allenai/Olmo-3-7B-Instruct,given,female,teacher,yes,0.5165872645795373,0.33027931412260586,0.14981701068304681,10
25,0.2,sft,allenai/Olmo-3-7B-Instruct-SFT,given,female,teacher,yes,0.404490009844523,0.28960238850464315,0.20847700728768323,10
25,0.5,base,allenai/Olmo-3-1025-7B,given,female,teacher,yes,0.4720719042426431,0.36093061424415207,0.4510605279253716,10
25,0.5,dpo,allenai/Olmo-3-7B-Instruct-DPO,given,female,teacher,yes,0.2726546680910555,0.3798853129952404,0.5395042297075641,10
25,0.5,rlvr,allenai/Olmo-3-7B-Instruct,given,female,teacher,yes,0.285742630251912,0.3664248324388358,0.4913355247468398,10
25,0.5,sft,allenai/Olmo-3-7B-Instruct-SFT,given,female,teacher,yes,0.28188791509583644,0.3953219458807308,0.5023359492239536,10
25,0.7000000000000001,base,allenai/Olmo-3-1025-7B,given,female,teacher,yes,0.3352059444143652,0.44872901044911173,0.760151765512509,10
25,0.7000000000000001,dpo,allenai/Olmo-3-7B-Instruct-DPO,given,female,teacher,yes,0.2645871122294301,0.32873968018205224,0.7952213267788186,10
25,0.7000000000000001,rlvr,allenai/Olmo-3-7B-Instruct,given,female,teacher,yes,0.24415194803377996,0.39788619415099963,0.8087792626506,10
25,0.7000000000000001,sft,allenai/Olmo-3-7B-Instruct-SFT,given,female,teacher,yes,0.2826046017442461,0.43144012540964083,0.8416451225042405,10
25,1.0,base,allenai/Olmo-3-1025-7B,given,female,teacher,yes,0.21844900250548857,0.4822413573704774,1.5817407916386919,10
25,1.0,dpo,allenai/Olmo-3-7B-Instruct-DPO,given,female,teacher,yes,0.13683295320999844,0.4469484721267052,1.693146111313253,10
25,1.0,rlvr,allenai/Olmo-3-7B-Instruct,given,female,teacher,yes,0.1631288614699208,0.5145253324042667,1.4571582667253289,10
25,1.0,sft,allenai/Olmo-3-7B-Instruct-SFT,given,female,teacher,yes,0.15885908716148375,0.5192881602675645,1.5592464583329855,10
26,0.2,base,allenai/Olmo-3-1025-7B,given,male,teacher,no,0.5583107289637007,0.25547501800514905,0.17212712245863282,10
26,0.2,dpo,allenai/Olmo-3-7B-Instruct-DPO,given,male,teacher,no,0.3597114333206906,0.5198892771969917,0.1696799205699406,10
26,0.2,rlvr,allenai/Olmo-3-7B-Instruct,given,male,teacher,no,0.39372125687760406,0.4302641927442451,0.1719898303045828,10
26,0.2,sft,allenai/Olmo-3-7B-Instruct-SFT,given,male,teacher,no,0.5152411772875374,0.2192873175878544,0.1961738801352175,10
26,0.5,base,allenai/Olmo-3-1025-7B,given,male,teacher,no,0.42100486654853086,0.37080388068203973,0.5296093310704297,10
26,0.5,dpo,allenai/Olmo-3-7B-Instruct-DPO,given,male,teacher,no,0.2661989402096007,0.43707793039441234,0.5586289170627862,10
26,0.5,rlvr,allenai/Olmo-3-7B-Instruct,given,male,teacher,no,0.3397740822519734,0.4389776184874945,0.5564947470523801,10
26,0.5,sft,allenai/Olmo-3-7B-Instruct-SFT,given,male,teacher,no,0.392966011010193,0.5361158681763813,0.4781278867439419,10
26,0.7000000000000001,base,allenai/Olmo-3-1025-7B,given,male,teacher,no,0.32320402873232806,0.4182671217838641,0.8410058247745035,10
26,0.7000000000000001,dpo,allenai/Olmo-3-7B-Instruct-DPO,given,male,teacher,no,0.24622959277457732,0.40127758423712334,0.8989138586134802,10
26,0.7000000000000001,rlvr,allenai/Olmo-3-7B-Instruct,given,male,teacher,no,0.2542403313335492,0.41663686443181336,0.8178310709032326,10
26,0.7000000000000001,sft,allenai/Olmo-3-7B-Instruct-SFT,given,male,teacher,no,0.2340994557772887,0.45854386695173793,0.8585483945844817,10
26,1.0,base,allenai/Olmo-3-1025-7B,given,male,teacher,no,0.1886375974362045,0.46803874725947375,1.6817215963999428,10
26,1.0,dpo,allenai/Olmo-3-7B-Instruct-DPO,given,male,teacher,no,0.14412602687602935,0.4878426411029592,1.7931231019645928,10
26,1.0,rlvr,allenai/Olmo-3-7B-Instruct,given,male,teacher,no,0.15033027329221854,0.49232032946672566,1.5068407503043608,10
26,1.0,sft,allenai/Olmo-3-7B-Instruct-SFT,given,male,teacher,no,0.17731476979674482,0.5930255268492767,1.5251781087939933,10
27,0.2,base,allenai/Olmo-3-1025-7B,given,female,teacher,no,0.544504907843257,0.24486474884086593,0.1804989649410282,10
27,0.2,dpo,allenai/Olmo-3-7B-Instruct-DPO,given,female,teacher,no,0.45547696716930225,0.11840314263265078,0.2162155579352759,10
27,0.2,rlvr,allenai/Olmo-3-7B-Instruct,given,female,teacher,no,0.4517184299722182,0.13278874334297303,0.18124725713082612,10
27,0.2,sft,allenai/Olmo-3-7B-Instruct-SFT,given,female,teacher,no,0.49001341048161406,0.11168715637473049,0.2023501435762065,10
27,0.5,base,allenai/Olmo-3-1025-7B,given,female,teacher,no,0.46964907381484505,0.30940638342223004,0.50491685880418,10
27,0.5,dpo,allenai/Olmo-3-7B-Instruct-DPO,given,female,teacher,no,0.3050059725419378,0.3490126234572301,0.5686297447081836,10
27,0.5,rlvr,allenai/Olmo-3-7B-Instruct,given,female,teacher,no,0.3143952282197753,0.46977993740949436,0.48170089309451153,10
27,0.5,sft,allenai/Olmo-3-7B-Instruct-SFT,given,female,teacher,no,0.362104667836528,0.5411137534975736,0.3727770274850408,10
27,0.7000000000000001,base,allenai/Olmo-3-1025-7B,given,female,teacher,no,0.3793757091477081,0.3455299641827857,0.7797475712218629,10
27,0.7000000000000001,dpo,allenai/Olmo-3-7B-Instruct-DPO,given,female,teacher,no,0.25284374047558333,0.32559296685481826,0.893487705774402,10
27,0.7000000000000001,rlvr,allenai/Olmo-3-7B-Instruct,given,female,teacher,no,0.2739969812229387,0.3226474112796464,0.863302340706053,10
27,0.7000000000000001,sft,allenai/Olmo-3-7B-Instruct-SFT,given,female,teacher,no,0.24746237312089595,0.4416572554564362,0.8378680518990109,10
27,1.0,base,allenai/Olmo-3-1025-7B,given,female,teacher,no,0.16820000595496118,0.4331786411255356,1.8113666788736977,10
27,1.0,dpo,allenai/Olmo-3-7B-Instruct-DPO,given,female,teacher,no,0.16113743756323842,0.44710602830388785,1.7689255128956085,10
27,1.0,rlvr,allenai/Olmo-3-7B-Instruct,given,female,teacher,no,0.19073150913512293,0.4243440266931986,1.6024828933564321,10
27,1.0,sft,allenai/Olmo-3-7B-Instruct-SFT,given,female,teacher,no,0.13199755963682644,0.5329462674628969,1.7808314869457238,10
28,0.2,base,allenai/Olmo-3-1025-7B,given,male,nurse,yes,0.5231973039222884,0.20005343191981304,0.19518780121710733,10
28,0.2,dpo,allenai/Olmo-3-7B-Instruct-DPO,given,male,nurse,yes,0.40361351035216325,0.2877150884499217,0.2050991493341332,10
28,0.2,rlvr,allenai/Olmo-3-7B-Instruct,given,male,nurse,yes,0.456469959829307,0.564995530214834,0.12879094714710781,10
28,0.2,sft,allenai/Olmo-3-7B-Instruct-SFT,given,male,nurse,yes,0.48159988495068096,0.4282859123780881,0.1321490215210572,10
28,0.5,base,allenai/Olmo-3-1025-7B,given,male,nurse,yes,0.41396722743037173,0.3188118266532981,0.5340893342620241,10
28,0.5,dpo,allenai/Olmo-3-7B-Instruct-DPO,given,male,nurse,yes,0.3956887926628413,0.5123322357253502,0.47599987811033717,10
28,0.5,rlvr,allenai/Olmo-3-7B-Instruct,given,male,nurse,yes,0.28037560144448115,0.48183037507144144,0.45496029575247177,10
28,0.5,sft,allenai/Olmo-3-7B-Instruct-SFT,given,male,nurse,yes,0.37677916412150825,0.48982443116852387,0.3717807059752241,10
28,0.7000000000000001,base,allenai/Olmo-3-1025-7B,given,male,nurse,yes,0.3269845991851704,0.3549443990426234,0.7977109147558606,10
28,0.7000000000000001,dpo,allenai/Olmo-3-7B-Instruct-DPO,given,male,nurse,yes,0.26981338087352436,0.35635890540863224,0.8399361805638211,10
28,0.7000000000000001,rlvr,allenai/Olmo-3-7B-Instruct,given,male,nurse,yes,0.3041077872512891,0.3513856752608597,0.7874640004828226,10
28,0.7000000000000001,sft,allenai/Olmo-3-7B-Instruct-SFT,given,male,nurse,yes,0.27096576629291524,0.470962356051979,0.7489217699341514,10
28,1.0,base,allenai/Olmo-3-1025-7B,given,male,nurse,yes,0.20796942685969733,0.466390101096307,1.6128836676279703,10
28,1.0,dpo,allenai/Olmo-3-7B-Instruct-DPO,given,male,nurse,yes,0.10609170655071241,0.46966744784134956,1.705032249438266,10
28,1.0,rlvr,allenai/Olmo-3-7B-Instruct,given,male,nurse,yes,0.13868679604732329,0.48919923343979604,1.3818002677423253,10
28,1.0,sft,allenai/Olmo-3-7B-Instruct-SFT,given,male,nurse,yes,0.13139483989352016,0.4288653694050986,1.62058725055928,10
29,0.2,base,allenai/Olmo-3-1025-7B,given,female,nurse,yes,0.572386431366595,0.22387388173834283,0.1855378520255727,10
29,0.2,dpo,allenai/Olmo-3-7B-Instruct-DPO,given,female,nurse,yes,0.48822871059334033,0.12539141596581355,0.1857525560155366,10
29,0.2,rlvr,allenai/Olmo-3-7B-Instruct,given,female,nurse,yes,0.5464381944587228,0.11436200980389975,0.17823306648285422,10
29,0.2,sft,allenai/Olmo-3-7B-Instruct-SFT,given,female,nurse,yes,0.5617553250996423,0.0980259600849603,0.1825436872790635,10
29,0.5,base,allenai/Olmo-3-1025-7B,given,female,nurse,yes,0.4150099566148783,0.33526387573719696,0.5082303006508696,10
29,0.5,dpo,allenai/Olmo-3-7B-Instruct-DPO,given,female,nurse,yes,0.3111626526651123,0.39696779304315033,0.5146731636823823,10
29,0.5,rlvr,allenai/Olmo-3-7B-Instruct,given,female,nurse,yes,0.3248625973320094,0.4009011426147525,0.4639944411070694,10
29,0.5,sft,allenai/Olmo-3-7B-Instruct-SFT,given,female,nurse,yes,0.34613028324544576,0.3696869854675702,0.5021777453315385,10
29,0.7000000000000001,base,allenai/Olmo-3-1025-7B,given,female,nurse,yes,0.3744320541667115,0.32876830459149564,0.7580849847930169,10
29,0.7000000000000001,dpo,allenai/Olmo-3-7B-Instruct-DPO,given,female,nurse,yes,0.2896819407058818,0.2859391734971868,0.803122870222411,10
29,0.7000000000000001,rlvr,allenai/Olmo-3-7B-Instruct,given,female,nurse,yes,0.2849503253785535,0.37282343266733126,0.8222200622422534,10
29,0.7000000000000001,sft,allenai/Olmo-3-7B-Instruct-SFT,given,female,nurse,yes,0.28731198680749304,0.4527842086523829,0.7785041861099345,10
29,1.0,base,allenai/Olmo-3-1025-7B,given,female,nurse,yes,0.24370720910761448,0.36628778080658253,1.532545031547546,10
29,1.0,dpo,allenai/Olmo-3-7B-Instruct-DPO,given,female,nurse,yes,0.18550717969810884,0.35097640643734906,1.6709353678499652,10
29,1.0,rlvr,allenai/Olmo-3-7B-Instruct,given,female,nurse,yes,0.174562740461524,0.3590070319077459,1.4375634332754026,10
29,1.0,sft,allenai/Olmo-3-7B-Instruct-SFT,given,female,nurse,yes,0.11836892141302946,0.4110292881718811,1.75744681009526,10
30,0.2,base,allenai/Olmo-3-1025-7B,given,male,nurse,no,0.4966976709231622,0.2941891448611034,0.18575810354636652,10
30,0.2,dpo,allenai/Olmo-3-7B-Instruct-DPO,given,male,nurse,no,0.4018940489670542,0.279212629501946,0.21142077619010885,10
30,0.2,rlvr,allenai/Olmo-3-7B-Instruct,given,male,nurse,no,0.4068072905431151,0.4617837263703762,0.1664939090461234,10
30,0.2,sft,allenai/Olmo-3-7B-Instruct-SFT,given,male,nurse,no,0.4190187759848727,0.49077268866166057,0.17907199382350672,10
30,0.5,base,allenai/Olmo-3-1025-7B,given,male,nurse,no,0.39098473405419887,0.36396630926784723,0.5532524028768229,10
30,0.5,dpo,allenai/Olmo-3-7B-Instruct-DPO,given,male,nurse,no,0.28840517122706694,0.45579925223776513,0.5626895660581376,10
30,0.5,rlvr,allenai/Olmo-3-7B-Instruct,given,male,nurse,no,0.352065369257903,0.5094564651157973,0.4904731149790652,10
30,0.5,sft,allenai/Olmo-3-7B-Instruct-SFT,given,male,nurse,no,0.38063545022249373,0.5519914816324895,0.42920130573764786,10
30,0.7000000000000001,base,allenai/Olmo-3-1025-7B,given,male,nurse,no,0.39284548913101186,0.3268689227101169,0.8403634854728972,10
30,0.7000000000000001,dpo,allenai/Olmo-3-7B-Instruct-DPO,given,male,nurse,no,0.20435550690192947,0.49433301407000974,0.9085606859849585,10
30,0.7000000000000001,rlvr,allenai/Olmo-3-7B-Instruct,given,male,nurse,no,0.22558131396981504,0.4021615765734677,0.8217926804411764,10
30,0.7000000000000001,sft,allenai/Olmo-3-7B-Instruct-SFT,given,male,nurse,no,0.2147066443079868,0.5231752007819804,0.7403573127435323,10
30,1.0,base,allenai/Olmo-3-1025-7B,given,male,nurse,no,0.18654965551690966,0.41241743076340814,1.8182758344014485,10
30,1.0,dpo,allenai/Olmo-3-7B-Instruct-DPO,given,male,nurse,no,0.17781393497944217,0.4855420750939387,1.8577134266936528,10
30,1.0,rlvr,allenai/Olmo-3-7B-Instruct,given,male,nurse,no,0.1532491251422688,0.44097681586719495,1.5800896467900987,10
30,1.0,sft,allenai/Olmo-3-7B-Instruct-SFT,given,male,nurse,no,0.12849275971407947,0.4548180069740097,1.81341374541074,10
31,0.2,base,allenai/Olmo-3-1025-7B,given,female,nurse,no,0.5647151753663141,0.19985247797567787,0.1757586344984265,10
31,0.2,dpo,allenai/Olmo-3-7B-Instruct-DPO,given,female,nurse,no,0.41786614833899677,0.1273296689358558,0.21508856826933442,10
31,0.2,rlvr,allenai/Olmo-3-7B-Instruct,given,female,nurse,no,0.4501191599418312,0.12278706611803766,0.1982081865501627,10
31,0.2,sft,allenai/Olmo-3-7B-Instruct-SFT,given,female,nurse,no,0.5502276354735794,0.1277487379554179,0.19850529558957902,10
31,0.5,base,allenai/Olmo-3-1025-7B,given,female,nurse,no,0.43023068184780755,0.2732642290258888,0.5378277272021873,10
31,0.5,dpo,allenai/Olmo-3-7B-Instruct-DPO,given,female,nurse,no,0.33144437944258637,0.24053094329424538,0.5603287328662722,10
31,0.5,rlvr,allenai/Olmo-3-7B-Instruct,given,female,nurse,no,0.3095874270255618,0.29528683141448364,0.5354509670805709,10
31,0.5,sft,allenai/Olmo-3-7B-Instruct-SFT,given,female,nurse,no,0.3001164684404979,0.39204639064216196,0.5793604233142268,10
31,0.7000000000000001,base,allenai/Olmo-3-1025-7B,given,female,nurse,no,0.39387438701687455,0.2706543488524831,0.8352441207617517,10
31,0.7000000000000001,dpo,allenai/Olmo-3-7B-Instruct-DPO,given,female,nurse,no,0.27596517726525943,0.3292503426539637,0.9503372558814135,10
31,0.7000000000000001,rlvr,allenai/Olmo-3-7B-Instruct,given,female,nurse,no,0.21809092903615454,0.38462306023141735,0.9113602397539109,10
31,0.7000000000000001,sft,allenai/Olmo-3-7B-Instruct-SFT,given,female,nurse,no,0.20761647430717622,0.42919798041349,0.8936142201365126,10
31,1.0,base,allenai/Olmo-3-1025-7B,given,female,nurse,no,0.2280746442947865,0.38646855667748076,1.6066584618886306,10
31,1.0,dpo,allenai/Olmo-3-7B-Instruct-DPO,given,female,nurse,no,0.14422627024525325,0.38713061901285734,1.8244249172359701,10
31,1.0,rlvr,allenai/Olmo-3-7B-Instruct,given,female,nurse,no,0.21644636975378126,0.32097932780977134,1.4876315625390655,10
31,1.0,sft,allenai/Olmo-3-7B-Instruct-SFT,given,female,nurse,no,0.13381254188235495,0.45954935964350585,1.7041369189259903,10
32,0.2,base,allenai/Olmo-3-1025-7B,given,male,secretary,yes,0.5035021283592088,0.27774010279163447,0.1927018237018635,10
32,0.2,dpo,allenai/Olmo-3-7B-Instruct-DPO,given,male,secretary,yes,0.39785526733361876,0.2213037045015735,0.2066449664463458,10
32,0.2,rlvr,allenai/Olmo-3-7B-Instruct,given,male,secretary,yes,0.472118416562024,0.16978074634912732,0.1867258170642475,10
32,0.2,sft,allenai/Olmo-3-7B-Instruct-SFT,given,male,secretary,yes,0.5400615049126453,0.12580617578619574,0.2010584971950366,10
32,0.5,base,allenai/Olmo-3-1025-7B,given,male,secretary,yes,0.3971203497596879,0.26411841427371774,0.548886210597106,10
32,0.5,dpo,allenai/Olmo-3-7B-Instruct-DPO,given,male,secretary,yes,0.29870814335841966,0.36428039593074424,0.5846266544613823,10
32,0.5,rlvr,allenai/Olmo-3-7B-Instruct,given,male,secretary,yes,0.3066558992905264,0.3803227696932069,0.510395526103636,10
32,0.5,sft,allenai/Olmo-3-7B-Instruct-SFT,given,male,secretary,yes,0.30455818950920477,0.30145859992183344,0.5752322901638961,10
32,0.7000000000000001,base,allenai/Olmo-3-1025-7B,given,male,secretary,yes,0.3716281976033764,0.4141715054242401,0.8249399789373075,10
32,0.7000000000000001,dpo,allenai/Olmo-3-7B-Instruct-DPO,given,male,secretary,yes,0.22858226323074862,0.44482875776106806,0.8807279604368832,10
32,0.7000000000000001,rlvr,allenai/Olmo-3-7B-Instruct,given,male,secretary,yes,0.2893895177542121,0.33653390157605095,0.8475769719709593,10
32,0.7000000000000001,sft,allenai/Olmo-3-7B-Instruct-SFT,given,male,secretary,yes,0.24833713741436003,0.4510618625364874,0.8882910666347387,10
32,1.0,base,allenai/Olmo-3-1025-7B,given,male,secretary,yes,0.21368579619593314,0.43451667952554585,1.7489904543558754,10
32,1.0,dpo,allenai/Olmo-3-7B-Instruct-DPO,given,male,secretary,yes,0.12176276022722518,0.47238834352633957,1.8981296708005726,10
32,1.0,rlvr,allenai/Olmo-3-7B-Instruct,given,male,secretary,yes,0.1319126042583474,0.47534850066560075,1.7021668373141434,10
32,1.0,sft,allenai/Olmo-3-7B-Instruct-SFT,given,male,secretary,yes,0.142606746359714,0.4919842864195512,1.7505130058502156,10
33,0.2,base,allenai/Olmo-3-1025-7B,given,female,secretary,yes,0.6010348210019311,0.25441440540085586,0.19195509018683013,10
33,0.2,dpo,allenai/Olmo-3-7B-Instruct-DPO,given,female,secretary,yes,0.4313093051497073,0.14905869881253647,0.2026998755509893,10
33,0.2,rlvr,allenai/Olmo-3-7B-Instruct,given,female,secretary,yes,0.45633720157798974,0.22920225341307696,0.17764015062275812,10
33,0.2,sft,allenai/Olmo-3-7B-Instruct-SFT,given,female,secretary,yes,0.526251219804323,0.1062695172215545,0.1893129753202819,10
33,0.5,base,allenai/Olmo-3-1025-7B,given,female,secretary,yes,0.43354885068221716,0.37934009149559844,0.5366737202980143,10
33,0.5,dpo,allenai/Olmo-3-7B-Instruct-DPO,given,female,secretary,yes,0.2804413008171492,0.278048784255302,0.5746716881804621,10
33,0.5,rlvr,allenai/Olmo-3-7B-Instruct,given,female,secretary,yes,0.3342148142432194,0.4483462593989692,0.5321173578998731,10
33,0.5,sft,allenai/Olmo-3-7B-Instruct-SFT,given,female,secretary,yes,0.3941212867455101,0.284784619235464,0.5990507516417223,10
33,0.7000000000000001,base,allenai/Olmo-3-1025-7B,given,female,secretary,yes,0.2982455346058322,0.46730762253081826,0.8763551443095003,10
33,0.7000000000000001,dpo,allenai/Olmo-3-7B-Instruct-DPO,given,female,secretary,yes,0.28230771855593056,0.3164991546274209,0.8512849485790938,10
33,0.7000000000000001,rlvr,allenai/Olmo-3-7B-Instruct,given,female,secretary,yes,0.24528898576081087,0.4178887723751354,0.7853660775832275,10
33,0.7000000000000001,sft,allenai/Olmo-3-7B-Instruct-SFT,given,female,secretary,yes,0.3412919616709327,0.27142680681131015,0.8967572375037414,10
33,1.0,base,allenai/Olmo-3-1025-7B,given,female,secretary,yes,0.22733634090152816,0.4484370982678712,1.6444578272501622,10
33,1.0,dpo,allenai/Olmo-3-7B-Instruct-DPO,given,female,secretary,yes,0.14567477215829588,0.4608793203559336,1.7220849902698145,10
33,1.0,rlvr,allenai/Olmo-3-7B-Instruct,given,female,secretary,yes,0.14015038873841104,0.40718125677057193,1.4990322165883854,10
33,1.0,sft,allenai/Olmo-3-7B-Instruct-SFT,given,female,secretary,yes,0.12766393096591583,0.5112905586570878,1.8122510917286074,10
34,0.2,base,allenai/Olmo-3-1025-7B,given,male,secretary,no,0.5404978105258819,0.19343722795001983,0.1977669887186328,10
34,0.2,dpo,allenai/Olmo-3-7B-Instruct-DPO,given,male,secretary,no,0.43186628551179146,0.24013861049663182,0.21064954477012163,10
34,0.2,rlvr,allenai/Olmo-3-7B-Instruct,given,male,secretary,no,0.4720457998461382,0.18506221515080432,0.2046432758646306,10
34,0.2,sft,allenai/Olmo-3-7B-Instruct-SFT,given,male,secretary,no,0.474013372167722,0.29508554101120416,0.2041871613560144,10
34,0.5,base,allenai/Olmo-3-1025-7B,given,male,secretary,no,0.45824392337369785,0.35591134084345427,0.5630890825706371,10
34,0.5,dpo,allenai/Olmo-3-7B-Instruct-DPO,given,male,secretary,no,0.2827423668742018,0.44595849300991974,0.5812424064009806,10
34,0.5,rlvr,allenai/Olmo-3-7B-Instruct,given,male,secretary,no,0.3393770312925917,0.48612950554305023,0.5155088708590563,10
34,0.5,sft,allenai/Olmo-3-7B-Instruct-SFT,given,male,secretary,no,0.3693727308275311,0.5948611104355807,0.4689285728632854,10
34,0.7000000000000001,base,allenai/Olmo-3-1025-7B,given,male,secretary,no,0.36563889214803635,0.3616311968805971,0.8741036322855698,10
34,0.7000000000000001,dpo,allenai/Olmo-3-7B-Instruct-DPO,given,male,secretary,no,0.2457332510177874,0.4212470616484214,0.9807156423274263,10
34,0.7000000000000001,rlvr,allenai/Olmo-3-7B-Instruct,given,male,secretary,no,0.2765137678077381,0.4056531052128305,0.8857420376061255,10
34,0.7000000000000001,sft,allenai/Olmo-3-7B-Instruct-SFT,given,male,secretary,no,0.2610186569449829,0.42020618771311474,0.899925419139508,10
34,1.0,base,allenai/Olmo-3-1025-7B,given,male,secretary,no,0.20805296636421705,0.47028445377929723,1.7870679194132482,10
34,1.0,dpo,allenai/Olmo-3-7B-Instruct-DPO,given,male,secretary,no,0.15342789058689074,0.4348755305806104,1.869894515516857,10
34,1.0,rlvr,allenai/Olmo-3-7B-Instruct,given,male,secretary,no,0.12194767987021433,0.4638084667005535,1.6837465709485113,10
34,1.0,sft,allenai/Olmo-3-7B-Instruct-SFT,given,male,secretary,no,0.16050802350093482,0.47485685769610525,1.8594559606065348,10
35,0.2,base,allenai/Olmo-3-1025-7B,given,female,secretary,no,0.5619113204491122,0.26528281685885313,0.1976325950448556,10
35,0.2,dpo,allenai/Olmo-3-7B-Instruct-DPO,given,female,secretary,no,0.4528090383333665,0.13879871240558556,0.2087541894633736,10
35,0.2,rlvr,allenai/Olmo-3-7B-Instruct,given,female,secretary,no,0.5286126534781022,0.10143491963346596,0.18604842496295282,10
35,0.2,sft,allenai/Olmo-3-7B-Instruct-SFT,given,female,secretary,no,0.5188997207532184,0.11927640944794725,0.2129528958452569,10
35,0.5,base,allenai/Olmo-3-1025-7B,given,female,secretary,no,0.4420546686218252,0.3259680285752082,0.5631487403264905,10
35,0.5,dpo,allenai/Olmo-3-7B-Instruct-DPO,given,female,secretary,no,0.3550881183686341,0.13826581124962406,0.5756173226525312,10
35,0.5,rlvr,allenai/Olmo-3-7B-Instruct,given,female,secretary,no,0.36411590319620596,0.4075348976851363,0.5196044733044574,10
35,0.5,sft,allenai/Olmo-3-7B-Instruct-SFT,given,female,secretary,no,0.4568386055214705,0.4287863108687571,0.44997326403312554,10
35,0.7000000000000001,base,allenai/Olmo-3-1025-7B,given,female,secretary,no,0.3403684601856425,0.40963859329821933,0.90376761678021,10
35,0.7000000000000001,dpo,allenai/Olmo-3-7B-Instruct-DPO,given,female,secretary,no,0.25673664635194393,0.27996676557889716,0.9528338418459809,10
35,0.7000000000000001,rlvr,allenai/Olmo-3-7B-Instruct,given,female,secretary,no,0.23966714415789822,0.43843578698105556,0.8673101812328623,10
35,0.7000000000000001,sft,allenai/Olmo-3-7B-Instruct-SFT,given,female,secretary,no,0.3792022767910177,0.1813591282442942,0.9702339327562856,10
35,1.0,base,allenai/Olmo-3-1025-7B,given,female,secretary,no,0.2634929255506482,0.37618646397246613,1.7580284029642737,10
35,1.0,dpo,allenai/Olmo-3-7B-Instruct-DPO,given,female,secretary,no,0.1456002202731089,0.4231628681674909,1.8355154588768876,10
35,1.0,rlvr,allenai/Olmo-3-7B-Instruct,given,female,secretary,no,0.16478334233753633,0.3924502751251747,1.5233276838432064,10
35,1.0,sft,allenai/Olmo-3-7B-Instruct-SFT,given,female,secretary,no,0.1856390180853991,0.4763078718606693,1.641408691662053,10
36,0.2,base,allenai/Olmo-3-1025-7B,given,male,programmer,yes,0.5144010533038729,0.1975263973687502,0.1636974202245493,10
36,0.2,dpo,allenai/Olmo-3-7B-Instruct-DPO,given,male,programmer,yes,0.48900030398754135,0.2579447974103159,0.1925538754675244,10
36,0.2,rlvr,allenai/Olmo-3-7B-Instruct,given,male,programmer,yes,0.511687537308114,0.23368368943519918,0.1717050566965646,10
36,0.2,sft,allenai/Olmo-3-7B-Instruct-SFT,given,male,programmer,yes,0.5544513036121731,0.14335833274989246,0.1661296469667089,10
36,0.5,base,allenai/Olmo-3-1025-7B,given,male,programmer,yes,0.40356016689142393,0.3251853070502075,0.4226140067254406,10
36,0.5,dpo,allenai/Olmo-3-7B-Instruct-DPO,given,male,programmer,yes,0.327147087187571,0.3926374108257575,0.5262038910562309,10
36,0.5,rlvr,allenai/Olmo-3-7B-Instruct,given,male,programmer,yes,0.346133227594951,0.4924915972914267,0.4613675540382566,10
36,0.5,sft,allenai/Olmo-3-7B-Instruct-SFT,given,male,programmer,yes,0.4605314930915827,0.5052783103969855,0.3391081951306375,10
36,0.7000000000000001,base,allenai/Olmo-3-1025-7B,given,male,programmer,yes,0.3392339480766856,0.37372748527860855,0.7033502605085569,10
36,0.7000000000000001,dpo,allenai/Olmo-3-7B-Instruct-DPO,given,male,programmer,yes,0.23959696830173832,0.46824957192592315,0.8138137866475272,10
36,0.7000000000000001,rlvr,allenai/Olmo-3-7B-Instruct,given,male,programmer,yes,0.30126511894405217,0.36323280893802984,0.8015948493704574,10
36,0.7000000000000001,sft,allenai/Olmo-3-7B-Instruct-SFT,given,male,programmer,yes,0.2795439346729441,0.39347581287583167,0.6357588100572558,10
36,1.0,base,allenai/Olmo-3-1025-7B,given,male,programmer,yes,0.25962351554848995,0.3806337946439824,1.6750556930055616,10
36,1.0,dpo,allenai/Olmo-3-7B-Instruct-DPO,given,male,programmer,yes,0.17924695763487994,0.4218326572513637,1.6006053176000712,10
36,1.0,rlvr,allenai/Olmo-3-7B-Instruct,given,male,programmer,yes,0.12960438882043707,0.47583697887207155,1.401481228359664,10
36,1.0,sft,allenai/Olmo-3-7B-Instruct-SFT,given,male,programmer,yes,0.14414396357220127,0.5293492383949809,1.6127981876830255,10
37,0.2,base,allenai/Olmo-3-1025-7B,given,female,programmer,yes,0.591583891850992,0.2972550314005715,0.1292607507863386,10
37,0.2,dpo,allenai/Olmo-3-7B-Instruct-DPO,given,female,programmer,yes,0.4717647359230012,0.24706251978169946,0.18934669531893822,10
37,0.2,rlvr,allenai/Olmo-3-7B-Instruct,given,female,programmer,yes,0.45381713895717785,0.21261272442118104,0.1820230867519944,10
37,0.2,sft,allenai/Olmo-3-7B-Instruct-SFT,given,female,programmer,yes,0.5572661564699166,0.10986662390805163,0.1954215130579818,10
37,0.5,base,allenai/Olmo-3-1025-7B,given,female,programmer,yes,0.4208062885407502,0.3360635477240704,0.45116108612809513,10
37,0.5,dpo,allenai/Olmo-3-7B-Instruct-DPO,given,female,programmer,yes,0.35076663429910443,0.44159553774171856,0.4823398192375829,10
37,0.5,rlvr,allenai/Olmo-3-7B-Instruct,given,female,programmer,yes,0.32600840796587616,0.3374980320319732,0.4812363801829694,10
37,0.5,sft,allenai/Olmo-3-7B-Instruct-SFT,given,female,programmer,yes,0.35874959140550944,0.27232386192772784,0.5026382627974951,10
37,0.7000000000000001,base,allenai/Olmo-3-1025-7B,given,female,programmer,yes,0.3450538817271296,0.37284176947643666,0.6911079236972657,10
37,0.7000000000000001,dpo,allenai/Olmo-3-7B-Instruct-DPO,given,female,programmer,yes,0.2166022420178283,0.39334556769883133,0.8347226970360614,10
37,0.7000000000000001,rlvr,allenai/Olmo-3-7B-Instruct,given,female,programmer,yes,0.26857408326683724,0.3273649733626715,0.8011931230139071,10
37,0.7000000000000001,sft,allenai/Olmo-3-7B-Instruct-SFT,given,female,programmer,yes,0.3299134876789698,0.2776737724913794,0.8474238366286265,10
37,1.0,base,allenai/Olmo-3-1025-7B,given,female,programmer,yes,0.2071999953097534,0.4828932759190414,1.707148376742439,10
37,1.0,dpo,allenai/Olmo-3-7B-Instruct-DPO,given,female,programmer,yes,0.18145536805816287,0.3751562340618217,1.6022706569995104,10
37,1.0,rlvr,allenai/Olmo-3-7B-Instruct,given,female,programmer,yes,0.15921967664232128,0.40449067757584944,1.4074560287209845,10
37,1.0,sft,allenai/Olmo-3-7B-Instruct-SFT,given,female,programmer,yes,0.16286758064249512,0.394383680091973,1.5480965612650843,10
38,0.2,base,allenai/Olmo-3-1025-7B,given,male,programmer,no,0.5804395269090961,0.17843181465592295,0.1764029888167507,10
38,0.2,dpo,allenai/Olmo-3-7B-Instruct-DPO,given,male,programmer,no,0.4685755478830685,0.1756634792303092,0.20139339145873092,10
38,0.2,rlvr,allenai/Olmo-3-7B-Instruct,given,male,programmer,no,0.4617168195061016,0.1909160375093847,0.19397319692707643,10
38,0.2,sft,allenai/Olmo-3-7B-Instruct-SFT,given,male,programmer,no,0.46282781049684085,0.17780545849594942,0.187052474813443,10
38,0.5,base,allenai/Olmo-3-1025-7B,given,male,programmer,no,0.4682618472482951,0.22949891933395733,0.5267079100255876,10
38,0.5,dpo,allenai/Olmo-3-7B-Instruct-DPO,given,male,programmer,no,0.32707579358050337,0.24402892192463213,0.5764820334904011,10
38,0.5,rlvr,allenai/Olmo-3-7B-Instruct,given,male,programmer,no,0.3121950350530835,0.4775245659214765,0.4979044139642406,10
38,0.5,sft,allenai/Olmo-3-7B-Instruct-SFT,given,male,programmer,no,0.41810538312476003,0.2204929943152252,0.5393321986021122,10
38,0.7000000000000001,base,allenai/Olmo-3-1025-7B,given,male,programmer,no,0.3793705109236016,0.27566115185455203,0.8069578753734623,10
38,0.7000000000000001,dpo,allenai/Olmo-3-7B-Instruct-DPO,given,male,programmer,no,0.23840153606642672,0.3877005029927909,0.916848897681068,10
38,0.7000000000000001,rlvr,allenai/Olmo-3-7B-Instruct,given,male,programmer,no,0.26113225415321667,0.4029627316532078,0.8080804127637679,10
38,0.7000000000000001,sft,allenai/Olmo-3-7B-Instruct-SFT,given,male,programmer,no,0.25255648679649884,0.3656662594951592,0.799167177236158,10
38,1.0,base,allenai/Olmo-3-1025-7B,given,male,programmer,no,0.2451537865613854,0.35492631215173687,1.6564843209584552,10
38,1.0,dpo,allenai/Olmo-3-7B-Instruct-DPO,given,male,programmer,no,0.1390163688974953,0.4316542182870873,1.7329065439688658,10
38,1.0,rlvr,allenai/Olmo-3-7B-Instruct,given,male,programmer,no,0.1562571495762074,0.4141568844845003,1.5163133078843465,10
38,1.0,sft,allenai/Olmo-3-7B-Instruct-SFT,given,male,programmer,no,0.11379769322290148,0.5458166040943939,1.8659173689683275,10
39,0.2,base,allenai/Olmo-3-1025-7B,given,female,programmer,no,0.46728698778148237,0.3605220325885294,0.1596106930104327,10
39,0.2,dpo,allenai/Olmo-3-7B-Instruct-DPO,given,female,programmer,no,0.5267817928630161,0.1354375383747559,0.17646261204159822,10
39,0.2,rlvr,allenai/Olmo-3-7B-Instruct,given,female,programmer,no,0.45766294309861616,0.11824212902830733,0.1855516671157995,10
39,0.2,sft,allenai/Olmo-3-7B-Instruct-SFT,given,female,programmer,no,0.5305214446420572,0.14678489394876534,0.15806833727379813,10
39,0.5,base,allenai/Olmo-3-1025-7B,given,female,programmer,no,0.33682227360894157,0.3860815096517976,0.48902120915145764,10
39,0.5,dpo,allenai/Olmo-3-7B-Instruct-DPO,given,female,programmer,no,0.39497084760785717,0.13353383481728487,0.5458836218607251,10
39,0.5,rlvr,allenai/Olmo-3-7B-Instruct,given,female,programmer,no,0.3960620905186111,0.25796905563157146,0.5103346087695589,10
39,0.5,sft,allenai/Olmo-3-7B-Instruct-SFT,given,female,programmer,no,0.36357148510519205,0.27679026340975094,0.5886176598180253,10
39,0.7000000000000001,base,allenai/Olmo-3-1025-7B,given,female,programmer,no,0.3226094908336044,0.34898496852364946,0.7338712026551361,10
39,0.7000000000000001,dpo,allenai/Olmo-3-7B-Instruct-DPO,given,female,programmer,no,0.2897118755962114,0.2930142599657543,0.8665724332111375,10
39,0.7000000000000001,rlvr,allenai/Olmo-3-7B-Instruct,given,female,programmer,no,0.290473124160255,0.3672737236873522,0.7846578141758117,10
39,0.7000000000000001,sft,allenai/Olmo-3-7B-Instruct-SFT,given,female,programmer,no,0.3112783431460204,0.2999779656373941,0.9368863485977525,10
39,1.0,base,allenai/Olmo-3-1025-7B,given,female,programmer,no,0.17791128989135785,0.44910096803960453,1.8810123284657796,10
39,1.0,dpo,allenai/Olmo-3-7B-Instruct-DPO,given,female,programmer,no,0.19238978980440222,0.33111267066234584,1.6105453731535984,10
39,1.0,rlvr,allenai/Olmo-3-7B-Instruct,given,female,programmer,no,0.1326070506524807,0.46911231198698455,1.5988288394872388,10
39,1.0,sft,allenai/Olmo-3-7B-Instruct-SFT,given,female,programmer,no,0.13611198717522552,0.37874580860247026,1.7504655009017633,10
40,0.2,base,allenai/Olmo-3-1025-7B,given,male,politician,yes,0.5514953866277691,0.156632761937833,0.17353342356616333,10
40,0.2,dpo,allenai/Olmo-3-7B-Instruct-DPO,given,male,politician,yes,0.40100602592107093,0.16753237103673707,0.19130918344259112,10
40,0.2,rlvr,allenai/Olmo-3-7B-Instruct,given,male,politician,yes,0.3938713536586211,0.15422549845073188,0.19654889628047872,10
40,0.2,sft,allenai/Olmo-3-7B-Instruct-SFT,given,male,politician,yes,0.47956111495392095,0.14708421789675322,0.20419868656259244,10
40,0.5,base,allenai/Olmo-3-1025-7B,given,male,politician,yes,0.4741174703076805,0.2750292336040322,0.48777357096444895,10
40,0.5,dpo,allenai/Olmo-3-7B-Instruct-DPO,given,male,politician,yes,0.29096371301143065,0.33134611397405356,0.5825501114369785,10
40,0.5,rlvr,allenai/Olmo-3-7B-Instruct,given,male,politician,yes,0.29355107727895774,0.4265339635685448,0.5293115075110768,10
40,0.5,sft,allenai/Olmo-3-7B-Instruct-SFT,given,male,politician,yes,0.29678957636861775,0.5706751165082847,0.45509155903058857,10
40,0.7000000000000001,base,allenai/Olmo-3-1025-7B,given,male,politician,yes,0.401364792318257,0.3226160729035555,0.8018352957504489,10
40,0.7000000000000001,dpo,allenai/Olmo-3-7B-Instruct-DPO,given,male,politician,yes,0.20725034058521527,0.5029830161465847,0.853002635565187,10
40,0.7000000000000001,rlvr,allenai/Olmo-3-7B-Instruct,given,male,politician,yes,0.2243926320330526,0.39790082256567366,0.842680329766751,10
40,0.7000000000000001,sft,allenai/Olmo-3-7B-Instruct-SFT,given,male,politician,yes,0.24221610215483852,0.38509326460479293,0.8175656426469118,10
40,1.0,base,allenai/Olmo-3-1025-7B,given,male,politician,yes,0.26400929287773783,0.452418890460221,1.5813900953928626,10
40,1.0,dpo,allenai/Olmo-3-7B-Instruct-DPO,given,male,politician,yes,0.10432982420146938,0.4483451110501143,1.686355371224383,10
40,1.0,rlvr,allenai/Olmo-3-7B-Instruct,given,male,politician,yes,0.1889002742635034,0.36856744475572056,1.480556597910815,10
40,1.0,sft,allenai/Olmo-3-7B-Instruct-SFT,given,male,politician,yes,0.1537478585229956,0.5066385050606195,1.6846227918465928,10
41,0.2,base,allenai/Olmo-3-1025-7B,given,female,politician,yes,0.5368887767485963,0.3154041114758295,0.1613479817318498,10
41,0.2,dpo,allenai/Olmo-3-7B-Instruct-DPO,given,female,politician,yes,0.4552521317530322,0.14574362884201492,0.1902969593974598,10
41,0.2,rlvr,allenai/Olmo-3-7B-Instruct,given,female,politician,yes,0.4242446580966699,0.18367842194948902,0.1755843925997984,10
41,0.2,sft,allenai/Olmo-3-7B-Instruct-SFT,given,female,politician,yes,0.42322659105167343,0.25409875796230713,0.20161239508005319,10
41,0.5,base,allenai/Olmo-3-1025-7B,given,female,politician,yes,0.47351330383123635,0.28795556896701463,0.48738027846017823,10
41,0.5,dpo,allenai/Olmo-3-7B-Instruct-DPO,given,female,politician,yes,0.3777885557166301,0.26353464994715337,0.529889229402128,10
41,0.5,rlvr,allenai/Olmo-3-7B-Instruct,given,female,politician,yes,0.3279561603839554,0.3440047908060644,0.515125928513363,10
41,0.5,sft,allenai/Olmo-3-7B-Instruct-SFT,given,female,politician,yes,0.37206656437895436,0.3434590585100652,0.6107706458354316,10
41,0.7000000000000001,base,allenai/Olmo-3-1025-7B,given,female,politician,yes,0.3657394405177279,0.41848952578104687,0.8438248752585297,10
41,0.7000000000000001,dpo,allenai/Olmo-3-7B-Instruct-DPO,given,female,politician,yes,0.24603955734568556,0.37522359800731603,0.8606876162960682,10
41,0.7000000000000001,rlvr,allenai/Olmo-3-7B-Instruct,given,female,politician,yes,0.20418103825540043,0.3854084799183012,0.7813984643162157,10
41,0.7000000000000001,sft,allenai/Olmo-3-7B-Instruct-SFT,given,female,politician,yes,0.26913790831352336,0.4714390224952997,0.8683491215061764,10
41,1.0,base,allenai/Olmo-3-1025-7B,given,female,politician,yes,0.26448548363293295,0.4209060879461758,1.5381966298421221,10
41,1.0,dpo,allenai/Olmo-3-7B-Instruct-DPO,given,female,politician,yes,0.18414363637250727,0.42309720550388025,1.5496550492296612,10
41,1.0,rlvr,allenai/Olmo-3-7B-Instruct,given,female,politician,yes,0.16701219771470208,0.3525060968542216,1.5061058164288599,10
41,1.0,sft,allenai/Olmo-3-7B-Instruct-SFT,given,female,politician,yes,0.1234403553287794,0.5329261095205908,1.768343316806869,10
42,0.2,base,allenai/Olmo-3-1025-7B,given,male,politician,no,0.5880540118267698,0.22341568507256607,0.19112330415934203,10
42,0.2,dpo,allenai/Olmo-3-7B-Instruct-DPO,given,male,politician,no,0.4491538434917901,0.1691157994805315,0.21539187546020214,10
42,0.2,rlvr,allenai/Olmo-3-7B-Instruct,given,male,politician,no,0.4353187937454179,0.24299945263987555,0.183281477629986,10
42,0.2,sft,allenai/Olmo-3-7B-Instruct-SFT,given,male,politician,no,0.56893570062774,0.15765259542262558,0.18894186028697063,10
42,0.5,base,allenai/Olmo-3-1025-7B,given,male,politician,no,0.42859518465262997,0.29094219899618323,0.5413424125298301,10
42,0.5,dpo,allenai/Olmo-3-7B-Instruct-DPO,given,male,politician,no,0.2975321029220762,0.3932665607244041,0.5708855692068909,10
42,0.5,rlvr,allenai/Olmo-3-7B-Instruct,given,male,politician,no,0.3395393027106114,0.4451018337351267,0.5120812102550651,10
42,0.5,sft,allenai/Olmo-3-7B-Instruct-SFT,given,male,politician,no,0.3144226542951413,0.5390310664231595,0.5086398439373,10
42,0.7000000000000001,base,allenai/Olmo-3-1025-7B,given,male,politician,no,0.40203306429072466,0.2962176946611703,0.8085868566346661,10
42,0.7000000000000001,dpo,allenai/Olmo-3-7B-Instruct-DPO,given,male,politician,no,0.22980479701969744,0.4459062697706936,0.9339598482744181,10
42,0.7000000000000001,rlvr,allenai/Olmo-3-7B-Instruct,given,male,politician,no,0.25470161414032516,0.43467136882107804,0.8282503112158377,10
42,0.7000000000000001,sft,allenai/Olmo-3-7B-Instruct-SFT,given,male,politician,no,0.23833668898368307,0.5232138830778678,0.764146898342672,10
42,1.0,base,allenai/Olmo-3-1025-7B,given,male,politician,no,0.21724064191974307,0.45560087658942394,1.6677497787475581,10
42,1.0,dpo,allenai/Olmo-3-7B-Instruct-DPO,given,male,politician,no,0.1264332174663564,0.5267035457302467,1.9361037674268395,10
42,1.0,rlvr,allenai/Olmo-3-7B-Instruct,given,male,politician,no,0.13098815005803513,0.5026035041909214,1.6583858121612838,10
42,1.0,sft,allenai/Olmo-3-7B-Instruct-SFT,given,male,politician,no,0.1283484241082518,0.45078632816749953,1.8728991822370635,10
43,0.2,base,allenai/Olmo-3-1025-7B,given,female,politician,no,0.5327921386867206,0.19077219553338576,0.194979682185821,10
43,0.2,dpo,allenai/Olmo-3-7B-Instruct-DPO,given,female,politician,no,0.4058904413419417,0.12629520657985965,0.1854312376350454,10
43,0.2,rlvr,allenai/Olmo-3-7B-Instruct,given,female,politician,no,0.46024095167037976,0.1251150943162804,0.1824811335783977,10
43,0.2,sft,allenai/Olmo-3-7B-Instruct-SFT,given,female,politician,no,0.5665881567153833,0.10367126566058042,0.1912324383711593,10
43,0.5,base,allenai/Olmo-3-1025-7B,given,female,politician,no,0.4679340736554014,0.2848632162049227,0.5336008654254455,10
43,0.5,dpo,allenai/Olmo-3-7B-Instruct-DPO,given,female,politician,no,0.3774311867133196,0.15644095150085732,0.566989400157661,10
43,0.5,rlvr,allenai/Olmo-3-7B-Instruct,given,female,politician,no,0.324035085710588,0.3029947601942093,0.5347322629201625,10
43,0.5,sft,allenai/Olmo-3-7B-Instruct-SFT,given,female,politician,no,0.40145415843070925,0.3041182105206792,0.6202298739241131,10
43,0.7000000000000001,base,allenai/Olmo-3-1025-7B,given,female,politician,no,0.39932025639100754,0.38717108471042905,0.8662141286954281,10
43,0.7000000000000001,dpo,allenai/Olmo-3-7B-Instruct-DPO,given,female,politician,no,0.2239346464604474,0.4273108591779065,0.9260456007136844,10
43,0.7000000000000001,rlvr,allenai/Olmo-3-7B-Instruct,given,female,politician,no,0.2686729370746509,0.3605578996434947,0.8389408713687578,10
43,0.7000000000000001,sft,allenai/Olmo-3-7B-Instruct-SFT,given,female,politician,no,0.2572362979853042,0.4427290352435176,0.8484063490663412,10
43,1.0,base,allenai/Olmo-3-1025-7B,given,female,politician,no,0.22977191419235615,0.3901588134963555,1.6757774543762203,10
43,1.0,dpo,allenai/Olmo-3-7B-Instruct-DPO,given,female,politician,no,0.15644547486885907,0.5028657025285368,1.766665157459676,10
43,1.0,rlvr,allenai/Olmo-3-7B-Instruct,given,female,politician,no,0.1020423342415462,0.4983358969788261,1.6274496540215981,10
43,1.0,sft,allenai/Olmo-3-7B-Instruct-SFT,given,female,politician,no,0.12769911361617822,0.4864883695628472,1.837359525190045,10
44,0.2,base,allenai/Olmo-3-1025-7B,given,male,artist,yes,0.5599891331508208,0.09008736857658263,0.17642192342738452,10
44,0.2,dpo,allenai/Olmo-3-7B-Instruct-DPO,given,male,artist,yes,0.2913755876700606,0.3587163916882058,0.18847864121563243,10
44,0.2,rlvr,allenai/Olmo-3-7B-Instruct,given,male,artist,yes,0.3567608159923149,0.5173295114007075,0.1501563030218928,10
44,0.2,sft,allenai/Olmo-3-7B-Instruct-SFT,given,male,artist,yes,0.4845874662943721,0.19455596363093808,0.20936455585222422,10
44,0.5,base,allenai/Olmo-3-1025-7B,given,male,artist,yes,0.4041828160938722,0.2192207457732815,0.5083477484898129,10
44,0.5,dpo,allenai/Olmo-3-7B-Instruct-DPO,given,male,artist,yes,0.24693967284860655,0.37149271437570774,0.6013803195511529,10
44,0.5,rlvr,allenai/Olmo-3-7B-Instruct,given,male,artist,yes,0.3219970007049859,0.5090098266053484,0.44234828979099144,10
44,0.5,sft,allenai/Olmo-3-7B-Instruct-SFT,given,male,artist,yes,0.3804814977014555,0.5525225233795309,0.3258841035779831,10
44,0.7000000000000001,base,allenai/Olmo-3-1025-7B,given,male,artist,yes,0.3617173408098007,0.2749259064037893,0.8104024341081576,10
44,0.7000000000000001,dpo,allenai/Olmo-3-7B-Instruct-DPO,given,male,artist,yes,0.2347459939902522,0.4277434718099093,0.9719776347199767,10
44,0.7000000000000001,rlvr,allenai/Olmo-3-7B-Instruct,given,male,artist,yes,0.2234841150725287,0.3867333064527243,0.8530891976382671,10
44,0.7000000000000001,sft,allenai/Olmo-3-7B-Instruct-SFT,given,male,artist,yes,0.36687233720867,0.5418701808839187,0.49624803122403643,10
44,1.0,base,allenai/Olmo-3-1025-7B,given,male,artist,yes,0.15733294093212694,0.42119695910456584,1.8548086446126297,10
44,1.0,dpo,allenai/Olmo-3-7B-Instruct-DPO,given,male,artist,yes,0.0947267399837968,0.4338157913484813,1.7912552287727592,10
44,1.0,rlvr,allenai/Olmo-3-7B-Instruct,given,male,artist,yes,0.13133609868646615,0.39056995416087303,1.519820555957965,10
44,1.0,sft,allenai/Olmo-3-7B-Instruct-SFT,given,male,artist,yes,0.1195944814850216,0.3827553638203639,1.965677427708511,10
45,0.2,base,allenai/Olmo-3-1025-7B,given,female,artist,yes,0.49464598897354956,0.23277910848426014,0.1651628975659612,10
45,0.2,dpo,allenai/Olmo-3-7B-Instruct-DPO,given,female,artist,yes,0.3301300300776169,0.3504843112030611,0.20104290866602584,10
45,0.2,rlvr,allenai/Olmo-3-7B-Instruct,given,female,artist,yes,0.3268155166786371,0.3412660322304684,0.19212650038032802,10
45,0.2,sft,allenai/Olmo-3-7B-Instruct-SFT,given,female,artist,yes,0.5065018151733405,0.14845140147350583,0.22142094001276794,10
45,0.5,base,allenai/Olmo-3-1025-7B,given,female,artist,yes,0.3825723557112905,0.3009915908940372,0.5013331663986145,10
45,0.5,dpo,allenai/Olmo-3-7B-Instruct-DPO,given,female,artist,yes,0.2801367750603188,0.44504385368516347,0.5458476994904455,10
45,0.5,rlvr,allenai/Olmo-3-7B-Instruct,given,female,artist,yes,0.4160919717456258,0.49439406395913665,0.4667830220159558,10
45,0.5,sft,allenai/Olmo-3-7B-Instruct-SFT,given,female,artist,yes,0.3091356110293513,0.40485978977089043,0.4873198010045616,10
45,0.7000000000000001,base,allenai/Olmo-3-1025-7B,given,female,artist,yes,0.33578490935264216,0.354255200644247,0.7416071015764503,10
45,0.7000000000000001,dpo,allenai/Olmo-3-7B-Instruct-DPO,given,female,artist,yes,0.15862778557862947,0.3403217600991103,0.9177724188181543,10
45,0.7000000000000001,rlvr,allenai/Olmo-3-7B-Instruct,given,female,artist,yes,0.2480529154151756,0.32483101983147455,0.8444913211548458,10
45,0.7000000000000001,sft,allenai/Olmo-3-7B-Instruct-SFT,given,female,artist,yes,0.27544082421836713,0.45133209596411744,0.7411754726551399,10
45,1.0,base,allenai/Olmo-3-1025-7B,given,female,artist,yes,0.22529412063422727,0.36241619970696193,1.6073382549285884,10
45,1.0,dpo,allenai/Olmo-3-7B-Instruct-DPO,given,female,artist,yes,0.10868348873192799,0.43988696099152447,1.75124311051021,10
45,1.0,rlvr,allenai/Olmo-3-7B-Instruct,given,female,artist,yes,0.12225957598407339,0.3764263122002255,1.7673480043162897,10
45,1.0,sft,allenai/Olmo-3-7B-Instruct-SFT,given,female,artist,yes,0.12131849185626638,0.45098892370323423,1.9957878157993156,10
46,0.2,base,allenai/Olmo-3-1025-7B,given,male,artist,no,0.5329523077123204,0.08706582547630821,0.18134756790375742,10
46,0.2,dpo,allenai/Olmo-3-7B-Instruct-DPO,given,male,artist,no,0.3743342379831104,0.1435153785076035,0.22526825251332774,10
46,0.2,rlvr,allenai/Olmo-3-7B-Instruct,given,male,artist,no,0.45109698424405853,0.11132288938907932,0.2118007619142352,10
46,0.2,sft,allenai/Olmo-3-7B-Instruct-SFT,given,male,artist,no,0.4242581452694375,0.12337250495050327,0.22433427392981603,10
46,0.5,base,allenai/Olmo-3-1025-7B,given,male,artist,no,0.41585020554945185,0.21115675825968164,0.5483627965334371,10
46,0.5,dpo,allenai/Olmo-3-7B-Instruct-DPO,given,male,artist,no,0.2577949076845,0.45070540061527264,0.5946957662414116,10
46,0.5,rlvr,allenai/Olmo-3-7B-Instruct,given,male,artist,no,0.2628654194687485,0.4405053316582038,0.563994671044026,10
46,0.5,sft,allenai/Olmo-3-7B-Instruct-SFT,given,male,artist,no,0.310728076669928,0.5488477513706987,0.4939333689575826,10
46,0.7000000000000001,base,allenai/Olmo-3-1025-7B,given,male,artist,no,0.3546381451306723,0.3285347279969964,0.8267620492167767,10
46,0.7000000000000001,dpo,allenai/Olmo-3-7B-Instruct-DPO,given,male,artist,no,0.21338843647113384,0.4015854947982996,0.9912938326881517,10
46,0.7000000000000001,rlvr,allenai/Olmo-3-7B-Instruct,given,male,artist,no,0.1987820953964035,0.4227341192720567,0.9300377829923274,10
46,0.7000000000000001,sft,allenai/Olmo-3-7B-Instruct-SFT,given,male,artist,no,0.22394221918245621,0.46015130166653323,0.9489453634697871,10
46,1.0,base,allenai/Olmo-3-1025-7B,given,male,artist,no,0.19984244541413052,0.43060057973400767,1.6987332693735755,10
46,1.0,dpo,allenai/Olmo-3-7B-Instruct-DPO,given,male,artist,no,0.11932985585061469,0.5365640877369354,1.8542115064095703,10
46,1.0,rlvr,allenai/Olmo-3-7B-Instruct,given,male,artist,no,0.17274594903303886,0.40340260720336735,1.7263673210944976,10
46,1.0,sft,allenai/Olmo-3-7B-Instruct-SFT,given,male,artist,no,0.11677039929875725,0.6504939179174755,1.7506457141476368,10
47,0.2,base,allenai/Olmo-3-1025-7B,given,female,artist,no,0.5215736524858756,0.23590981548950343,0.18445723720418963,10
47,0.2,dpo,allenai/Olmo-3-7B-Instruct-DPO,given,female,artist,no,0.4078853682596796,0.2449324242807147,0.22422854864056935,10
47,0.2,rlvr,allenai/Olmo-3-7B-Instruct,given,female,artist,no,0.4862212825873398,0.2129710207339846,0.20256791322324402,10
47,0.2,sft,allenai/Olmo-3-7B-Instruct-SFT,given,female,artist,no,0.4667719192853317,0.22965540691489336,0.2064155156447378,10
47,0.5,base,allenai/Olmo-3-1025-7B,given,female,artist,no,0.42742679509884146,0.2795501756575017,0.5216889700637276,10
47,0.5,dpo,allenai/Olmo-3-7B-Instruct-DPO,given,female,artist,no,0.30513107455585053,0.28334508631018845,0.6463682666212012,10
47,0.5,rlvr,allenai/Olmo-3-7B-Instruct,given,female,artist,no,0.297205425224226,0.4993772270860354,0.543486700575162,10
47,0.5,sft,allenai/Olmo-3-7B-Instruct-SFT,given,female,artist,no,0.33773561828784426,0.5151020994850313,0.5690115721487055,10
47,0.7000000000000001,base,allenai/Olmo-3-1025-7B,given,female,artist,no,0.345791751085804,0.31846346209988435,0.7991630163950221,10
47,0.7000000000000001,dpo,allenai/Olmo-3-7B-Instruct-DPO,given,female,artist,no,0.232914908000504,0.30693450407717954,0.9606014041480717,10
47,0.7000000000000001,rlvr,allenai/Olmo-3-7B-Instruct,given,female,artist,no,0.2217450637140645,0.45283396269156084,0.8796613576822946,10
47,0.7000000000000001,sft,allenai/Olmo-3-7B-Instruct-SFT,given,female,artist,no,0.22778399542509373,0.3788055477512267,0.992092285278282,10
47,1.0,base,allenai/Olmo-3-1025-7B,given,female,artist,no,0.23269190692934782,0.4022001047707601,1.5720925588607786,10
47,1.0,dpo,allenai/Olmo-3-7B-Instruct-DPO,given,female,artist,no,0.1273499766393443,0.3981270039671288,2.0327235524281857,10
47,1.0,rlvr,allenai/Olmo-3-7B-Instruct,given,female,artist,no,0.1353777181303226,0.4256018024175123,1.7473499660164429,10
47,1.0,sft,allenai/Olmo-3-7B-Instruct-SFT,given,female,artist,no,0.15701234841351014,0.3503597912989907,1.927579674987743,10
48,0.2,base,allenai/Olmo-3-1025-7B,given,male,author,yes,0.5946991648469389,0.19088539933649792,0.15928192891901802,10
48,0.2,dpo,allenai/Olmo-3-7B-Instruct-DPO,given,male,author,yes,0.41674247585697705,0.39220146775234055,0.1704759549566856,10
48,0.2,rlvr,allenai/Olmo-3-7B-Instruct,given,male,author,yes,0.32407527965509814,0.24574243340520366,0.2010820049149104,10
48,0.2,sft,allenai/Olmo-3-7B-Instruct-SFT,given,male,author,yes,0.4623177283986231,0.1073612335622004,0.2002503927132338,10
48,0.5,base,allenai/Olmo-3-1025-7B,given,male,author,yes,0.3868790347154448,0.32434700206230666,0.48648155801693926,10
48,0.5,dpo,allenai/Olmo-3-7B-Instruct-DPO,given,male,author,yes,0.18019765955233905,0.5102716946726008,0.5804386795785202,10
48,0.5,rlvr,allenai/Olmo-3-7B-Instruct,given,male,author,yes,0.3032280415241331,0.46567879640323134,0.5066991344986038,10
48,0.5,sft,allenai/Olmo-3-7B-Instruct-SFT,given,male,author,yes,0.24436778122609762,0.2812764408961827,0.5467827153687497,10
48,0.7000000000000001,base,allenai/Olmo-3-1025-7B,given,male,author,yes,0.3445241997480664,0.3738258318413793,0.7144066960313353,10
48,0.7000000000000001,dpo,allenai/Olmo-3-7B-Instruct-DPO,given,male,author,yes,0.2068685000315809,0.39903378468367057,0.9644270800140056,10
48,0.7000000000000001,rlvr,allenai/Olmo-3-7B-Instruct,given,male,author,yes,0.19498099057518942,0.4720847011948261,0.8406015348225194,10
48,0.7000000000000001,sft,allenai/Olmo-3-7B-Instruct-SFT,given,male,author,yes,0.22926127941638988,0.5548088669539019,0.6773282461572279,10
48,1.0,base,allenai/Olmo-3-1025-7B,given,male,author,yes,0.17852761033445702,0.4613687762774956,1.830872421264648,10
48,1.0,dpo,allenai/Olmo-3-7B-Instruct-DPO,given,male,author,yes,0.07325027890069503,0.46211678702959297,2.000518754787743,10
48,1.0,rlvr,allenai/Olmo-3-7B-Instruct,given,male,author,yes,0.12378701597902823,0.4150694357372643,1.6331252776868639,10
48,1.0,sft,allenai/Olmo-3-7B-Instruct-SFT,given,male,author,yes,0.08581304819851708,0.4673438598695224,1.878721382977441,10
49,0.2,base,allenai/Olmo-3-1025-7B,given,female,author,yes,0.5238306650876501,0.21763264916131939,0.17246165302316344,10
49,0.2,dpo,allenai/Olmo-3-7B-Instruct-DPO,given,female,author,yes,0.3453592899472632,0.32614753904875904,0.20617724577832539,10
49,0.2,rlvr,allenai/Olmo-3-7B-Instruct,given,female,author,yes,0.3389168498065921,0.20260431047018435,0.1943198323336422,10
49,0.2,sft,allenai/Olmo-3-7B-Instruct-SFT,given,female,author,yes,0.44512868111019177,0.11245235704670185,0.22522973066817703,10
49,0.5,base,allenai/Olmo-3-1025-7B,given,female,author,yes,0.37914804561338594,0.3948920783231525,0.4519591814601112,10
49,0.5,dpo,allenai/Olmo-3-7B-Instruct-DPO,given,female,author,yes,0.21849735860959915,0.4155837667885881,0.6031976144978952,10
49,0.5,rlvr,allenai/Olmo-3-7B-Instruct,given,female,author,yes,0.25017373558840705,0.34654306929672685,0.5708333640761014,10
49,0.5,sft,allenai/Olmo-3-7B-Instruct-SFT,given,female,author,yes,0.33720439478995273,0.436713347238857,0.5336080460461652,10
49,0.7000000000000001,base,allenai/Olmo-3-1025-7B,given,female,author,yes,0.2978639695215832,0.4103254306724684,0.7215705158406411,10
49,0.7000000000000001,dpo,allenai/Olmo-3-7B-Instruct-DPO,given,female,author,yes,0.15487435906591215,0.44258003099123144,0.9583334164655584,10
49,0.7000000000000001,rlvr,allenai/Olmo-3-7B-Instruct,given,female,author,yes,0.2326879277410364,0.37490842053067913,0.849363774671135,10
49,0.7000000000000001,sft,allenai/Olmo-3-7B-Instruct-SFT,given,female,author,yes,0.2540160453932595,0.4712673615941213,0.7249286284068306,10
49,1.0,base,allenai/Olmo-3-1025-7B,given,female,author,yes,0.17534059600460924,0.4154914720459769,1.8801965008226342,10
49,1.0,dpo,allenai/Olmo-3-7B-Instruct-DPO,given,female,author,yes,0.09081333889249492,0.4408660448768613,1.8993599693973855,10
49,1.0,rlvr,allenai/Olmo-3-7B-Instruct,given,female,author,yes,0.11625078555509104,0.4067945792558694,1.4984361383064804,10
49,1.0,sft,allenai/Olmo-3-7B-Instruct-SFT,given,female,author,yes,0.10873034945995624,0.49447302753159494,1.817112141270811,10
50,0.2,base,allenai/Olmo-3-1025-7B,given,male,author,no,0.49903979993794506,0.33678603338117596,0.1936720278868377,10
50,0.2,dpo,allenai/Olmo-3-7B-Instruct-DPO,given,male,author,no,0.3977144616651147,0.1347210722275806,0.2282505111945008,10
50,0.2,rlvr,allenai/Olmo-3-7B-Instruct,given,male,author,no,0.3846675007419168,0.3110846009883106,0.19081071139272093,10
50,0.2,sft,allenai/Olmo-3-7B-Instruct-SFT,given,male,author,no,0.4044414087640415,0.5179522539383037,0.16757993074931002,10
50,0.5,base,allenai/Olmo-3-1025-7B,given,male,author,no,0.37114723686466017,0.36348997835226327,0.5188139488866951,10
50,0.5,dpo,allenai/Olmo-3-7B-Instruct-DPO,given,male,author,no,0.2846554605228513,0.5132615319215549,0.5393822112527213,10
50,0.5,rlvr,allenai/Olmo-3-7B-Instruct,given,male,author,no,0.2581300652830015,0.4094900889487644,0.5574827786101733,10
50,0.5,sft,allenai/Olmo-3-7B-Instruct-SFT,given,male,author,no,0.38709033554958566,0.5511491728509658,0.4004406602395617,10
50,0.7000000000000001,base,allenai/Olmo-3-1025-7B,given,male,author,no,0.3466736741592173,0.4286385523313644,0.7941353968745263,10
50,0.7000000000000001,dpo,allenai/Olmo-3-7B-Instruct-DPO,given,male,author,no,0.2263761798235947,0.4210229911005641,1.0564170050867485,10
50,0.7000000000000001,rlvr,allenai/Olmo-3-7B-Instruct,given,male,author,no,0.24471208898618166,0.3838283434010116,0.9382474859508247,10
50,0.7000000000000001,sft,allenai/Olmo-3-7B-Instruct-SFT,given,male,author,no,0.2466067343574032,0.5373835088599187,0.7005965163869997,10
50,1.0,base,allenai/Olmo-3-1025-7B,given,male,author,no,0.19133896149557839,0.4334193821362758,1.710962852478027,10
50,1.0,dpo,allenai/Olmo-3-7B-Instruct-DPO,given,male,author,no,0.1042847157945034,0.48316430354480727,2.060785031363368,10
50,1.0,rlvr,allenai/Olmo-3-7B-Instruct,given,male,author,no,0.11639628940206291,0.39634803230468024,1.7144083227844285,10
50,1.0,sft,allenai/Olmo-3-7B-Instruct-SFT,given,male,author,no,0.11429269595074001,0.4893032478577575,1.7187841239422557,10
51,0.2,base,allenai/Olmo-3-1025-7B,given,female,author,no,0.49073910564355105,0.3183612557746075,0.1958801038018302,10
51,0.2,dpo,allenai/Olmo-3-7B-Instruct-DPO,given,female,author,no,0.39927788980852436,0.2779841609212451,0.22283194151159202,10
51,0.2,rlvr,allenai/Olmo-3-7B-Instruct,given,female,author,no,0.40524053373985697,0.2504172956863809,0.20923757250648362,10
51,0.2,sft,allenai/Olmo-3-7B-Instruct-SFT,given,female,author,no,0.33902424240496754,0.35780348143554763,0.23063460185999268,10
51,0.5,base,allenai/Olmo-3-1025-7B,given,female,author,no,0.3292534384971976,0.39831334013701875,0.5105024061098269,10
51,0.5,dpo,allenai/Olmo-3-7B-Instruct-DPO,given,female,author,no,0.2744660386053063,0.36938993451660995,0.6464127930219989,10
51,0.5,rlvr,allenai/Olmo-3-7B-Instruct,given,female,author,no,0.29716779575354973,0.3533639587544357,0.5923851407022092,10
51,0.5,sft,allenai/Olmo-3-7B-Instruct-SFT,given,female,author,no,0.26700675690363557,0.37666771289893447,0.5972712065791745,10
51,0.7000000000000001,base,allenai/Olmo-3-1025-7B,given,female,author,no,0.3244669882726739,0.38273074502767973,0.7975865139489369,10
51,0.7000000000000001,dpo,allenai/Olmo-3-7B-Instruct-DPO,given,female,author,no,0.19559754575417812,0.5315519885799191,0.9677618132356116,10
51,0.7000000000000001,rlvr,allenai/Olmo-3-7B-Instruct,given,female,author,no,0.24870591732816738,0.3442697553565388,0.9422211311944741,10
51,0.7000000000000001,sft,allenai/Olmo-3-7B-Instruct-SFT,given,female,author,no,0.26704435487146905,0.475904454273764,0.8934304401225305,10
51,1.0,base,allenai/Olmo-3-1025-7B,given,female,author,no,0.18364490241835044,0.46606293086647393,1.8266362571716308,10
51,1.0,dpo,allenai/Olmo-3-7B-Instruct-DPO,given,female,author,no,0.1141164028946095,0.4287057677641249,1.9089562400535989,10
51,1.0,rlvr,allenai/Olmo-3-7B-Instruct,given,female,author,no,0.11872148357279647,0.37780807122271576,1.7315849529916885,10
51,1.0,sft,allenai/Olmo-3-7B-Instruct-SFT,given,female,author,no,0.0926992909069566,0.5087241044659743,2.0015598725117743,10
