profile_id,temperature,model_key,model_name,prompt_case,gender,occupation,attended_university,self_bleu,semantic_div,mean_entropy,response_count,gender_norm,is_female,is_sft,is_dpo,is_rlvr,temperature_z,self_bleu_z,semantic_div_z,mean_entropy_z
0,0.2,base,allenai/Olmo-3-1025-7B,given,male,carpenter,yes,0.5380252508324097,0.10713685480035255,0.1767673600592583,10,male,0,0,0,0,-1.371163920812372,1.8007986770585245,-1.96431077253631,-1.4661654703301201
0,0.2,dpo,allenai/Olmo-3-7B-Instruct-DPO,given,male,carpenter,yes,0.3856885293648317,0.19299514273398694,0.2069545695649178,10,male,0,0,1,0,-1.371163920812372,0.5964650093438237,-1.4307512727852796,-1.3090068848586551
0,0.2,rlvr,allenai/Olmo-3-7B-Instruct,given,male,carpenter,yes,0.44087026520222083,0.18970314803244576,0.185819284053532,10,male,0,0,0,1,-1.371163920812372,1.032717159657107,-1.4529106796871885,-1.4169181880342
0,0.2,sft,allenai/Olmo-3-7B-Instruct-SFT,given,male,carpenter,yes,0.4539446410558112,0.126668086251702,0.20274160945873582,10,male,0,1,0,0,-1.371163920812372,1.1360797033244672,-1.8518465237191948,-1.3297885454709704
0,0.5,base,allenai/Olmo-3-1025-7B,given,male,carpenter,yes,0.4618201064375765,0.1930152423927456,0.5180531005001232,10,male,0,0,0,0,-0.34279098020309323,1.1983410413446645,-1.4306156062034778,-0.28973517059306864
0,0.5,dpo,allenai/Olmo-3-7B-Instruct-DPO,given,male,carpenter,yes,0.27786445887656874,0.3489749621466963,0.5696395232000548,10,male,0,0,1,0,-0.34279098020309323,-0.255963459826662,-0.2621793446162058,-0.1732735777386815
0,0.5,rlvr,allenai/Olmo-3-7B-Instruct,given,male,carpenter,yes,0.3044988775862292,0.5448256325730523,0.48094471517999243,10,male,0,0,0,1,-0.34279098020309323,-0.04539881813663239,1.458949347548282,-0.37939947366776855
0,0.5,sft,allenai/Olmo-3-7B-Instruct-SFT,given,male,carpenter,yes,0.3449800416151426,0.23609297021000078,0.5866238295867061,10,male,0,1,0,0,-0.34279098020309323,0.27463451511767334,-1.1300619222482495,-0.13678012900213207
0,0.7000000000000001,base,allenai/Olmo-3-1025-7B,given,male,carpenter,yes,0.373427626649664,0.30162843916507837,0.8409580357869464,10,male,0,0,0,0,0.3427909802030929,0.4995335682953581,-0.639072054723853,0.32835460639032366
0,0.7000000000000001,dpo,allenai/Olmo-3-7B-Instruct-DPO,given,male,carpenter,yes,0.22740820717799795,0.28892471680842646,0.9338358994628351,10,male,0,0,1,0,0.3427909802030929,-0.6548571873656835,-0.7371633297087957,0.47002515345729595
0,0.7000000000000001,rlvr,allenai/Olmo-3-7B-Instruct,given,male,carpenter,yes,0.2664302413421521,0.32640448921843146,0.8342879961350711,10,male,0,0,0,1,0.3427909802030929,-0.3463593473579724,-0.44401168662787915,0.3177060123790024
0,0.7000000000000001,sft,allenai/Olmo-3-7B-Instruct-SFT,given,male,carpenter,yes,0.2666832681206571,0.3598719917516543,0.8521589168238762,10,male,0,1,0,0,0.3427909802030929,-0.34435898483703,-0.17303417715387523,0.3460853743346035
0,1.0,base,allenai/Olmo-3-1025-7B,given,male,carpenter,yes,0.20932663456060926,0.47804049377306845,1.7181791229513017,10,male,0,0,0,0,1.3711639208123716,-0.7978052990131046,0.8454772449202723,1.3558493307728539
0,1.0,dpo,allenai/Olmo-3-7B-Instruct-DPO,given,male,carpenter,yes,0.10815928898070554,0.46996314244172505,1.6740200622603294,10,male,0,0,1,0,1.3711639208123716,-1.5976074687160757,0.7730325877027898,1.3157844588079506
0,1.0,rlvr,allenai/Olmo-3-7B-Instruct,given,male,carpenter,yes,0.13186004229420598,0.4426520722047222,1.4941299995929,10,male,0,0,0,1,1.3711639208123716,-1.4102356066288095,0.5310211325676011,1.1432636865844092
0,1.0,sft,allenai/Olmo-3-7B-Instruct-SFT,given,male,carpenter,yes,0.1424129600813816,0.3785242162375916,1.9339698894607522,10,male,0,1,0,0,1.3711639208123716,-1.3268070408747155,-0.018464032252113585,1.5405368824286332
1,0.2,base,allenai/Olmo-3-1025-7B,given,female,carpenter,yes,0.5064750173248798,0.19897655149206525,0.1947920526674145,10,female,1,0,0,0,-1.371163920812372,1.5513709089450711,-1.3901826971203959,-1.3699630329878372
1,0.2,dpo,allenai/Olmo-3-7B-Instruct-DPO,given,female,carpenter,yes,0.3640023445824774,0.18501489917838013,0.20634217803412552,10,female,1,0,1,0,-1.371163920812372,0.42501979110581584,-1.4842589008067129,-1.3120065122680429
1,0.2,rlvr,allenai/Olmo-3-7B-Instruct,given,female,carpenter,yes,0.44109505304418734,0.22480729444831016,0.19549520048170022,10,female,1,0,0,1,-1.371163920812372,1.0344942726444755,-1.2106305627684064,-1.3663571431895059
1,0.2,sft,allenai/Olmo-3-7B-Instruct-SFT,given,female,carpenter,yes,0.3946553709666391,0.2043668851190104,0.22769544381766313,10,female,1,1,0,0,-1.371163920812372,0.6673544779505105,-1.3532906899729586,-1.2113779845160764
1,0.5,base,allenai/Olmo-3-1025-7B,given,female,carpenter,yes,0.4005045823841494,0.3464015772260839,0.5178086188986035,10,female,1,0,0,0,-0.34279098020309323,0.7135967901902952,-0.28310416346369044,-0.2903088161453411
1,0.5,dpo,allenai/Olmo-3-7B-Instruct-DPO,given,female,carpenter,yes,0.26062471386031527,0.40365283553917697,0.5660886633176274,10,female,1,0,1,0,-0.34279098020309323,-0.3922563060023601,0.19360235361481523,-0.18101307889838844
1,0.5,rlvr,allenai/Olmo-3-7B-Instruct,given,female,carpenter,yes,0.2785321554728094,0.3232150272421264,0.5515193567667916,10,female,1,0,0,1,-0.34279098020309323,-0.2506848278400711,-0.4693934487350415,-0.213181527046898
1,0.5,sft,allenai/Olmo-3-7B-Instruct-SFT,given,female,carpenter,yes,0.35520447808732636,0.5178067045082604,0.5027936558383864,10,female,1,1,0,0,-0.34279098020309323,0.3554661948219115,1.2077142267512093,-0.32596272222139405
1,0.7000000000000001,base,allenai/Olmo-3-1025-7B,given,female,carpenter,yes,0.35215682014410277,0.33144992972276505,0.8073655469442406,10,female,1,0,0,0,0.3427909802030929,0.3313722204121794,-0.40369974582477974,0.2740190818537652
1,0.7000000000000001,dpo,allenai/Olmo-3-7B-Instruct-DPO,given,female,carpenter,yes,0.21905785657821505,0.31877057028192946,0.9385694072826031,10,female,1,0,1,0,0.3427909802030929,-0.7208728418162786,-0.5046304105378543,0.47693772230654385
1,0.7000000000000001,rlvr,allenai/Olmo-3-7B-Instruct,given,female,carpenter,yes,0.24057572152743578,0.3952881579020933,0.8209285083247119,10,female,1,0,0,1,0.3427909802030929,-0.5507583154825866,0.12253329023316863,0.29617109597635066
1,0.7000000000000001,sft,allenai/Olmo-3-7B-Instruct-SFT,given,female,carpenter,yes,0.255854373672218,0.30159421852863183,0.9889588663376534,10,female,1,1,0,0,0.3427909802030929,-0.42996934879093507,-0.639338072890046,0.5488450525355433
1,1.0,base,allenai/Olmo-3-1025-7B,given,female,carpenter,yes,0.17556619368672355,0.442225287353446,1.7657051779705544,10,female,1,0,0,0,1.3711639208123716,-1.0647063796561296,0.5272758957252588,1.3980578068559437
1,1.0,dpo,allenai/Olmo-3-7B-Instruct-DPO,given,female,carpenter,yes,0.10154236620987225,0.43747113145435895,1.8022296371298527,10,female,1,0,1,0,1.3711639208123716,-1.6499191030535565,0.4856334326082719,1.4298814617987028
1,1.0,rlvr,allenai/Olmo-3-7B-Instruct,given,female,carpenter,yes,0.15364787312756803,0.34838134988192887,1.5124062995053824,10,female,1,0,0,1,1.3711639208123716,-1.237986801703104,-0.26701049611405375,1.1615280255867655
1,1.0,sft,allenai/Olmo-3-7B-Instruct-SFT,given,female,carpenter,yes,0.14001106886315978,0.4009313569805555,1.7565843742763,10,female,1,1,0,0,1.3711639208123716,-1.3457957550365105,0.17042814352397959,1.3900286796205326
2,0.2,base,allenai/Olmo-3-1025-7B,given,male,carpenter,no,0.5114757020862769,0.10441018403709518,0.177333350202922,10,male,0,0,0,0,-1.371163920812372,1.590904994763376,-1.9795260118149909,-1.4630276798324304
2,0.2,dpo,allenai/Olmo-3-7B-Instruct-DPO,given,male,carpenter,no,0.5075751623271336,0.1300145065527541,0.2170441944748826,10,male,0,0,1,0,-1.371163920812372,1.560068363195223,-1.8319947661777392,-1.260580882032326
2,0.2,rlvr,allenai/Olmo-3-7B-Instruct,given,male,carpenter,no,0.500668213158898,0.13217006417297947,0.20212246303505013,10,male,0,0,0,1,-1.371163920812372,1.50546385717485,-1.8191213507070647,-1.3328717539215063
2,0.2,sft,allenai/Olmo-3-7B-Instruct-SFT,given,male,carpenter,no,0.5336306508943947,0.12658180544523026,0.2178612119791968,10,male,0,1,0,0,-1.371163920812372,1.76605613691127,-1.8523561894339,-1.2567390292563567
2,0.5,base,allenai/Olmo-3-1025-7B,given,male,carpenter,no,0.4484856296987823,0.19830663990038438,0.5313226225331814,10,male,0,0,0,0,-0.34279098020309323,1.0929222091472928,-1.3947457631856048,-0.25892030528540133
2,0.5,dpo,allenai/Olmo-3-7B-Instruct-DPO,given,male,carpenter,no,0.3201069803075888,0.26335746975567703,0.6261393631538562,10,male,0,0,1,0,-0.34279098020309323,0.07799469732958741,-0.9304273750598656,-0.055041621183346844
2,0.5,rlvr,allenai/Olmo-3-7B-Instruct,given,male,carpenter,no,0.379941308199824,0.2715273823120644,0.5709631380437997,10,male,0,0,0,1,-0.34279098020309323,0.5510290049573542,-0.8692886287056685,-0.17039849532976184
2,0.5,sft,allenai/Olmo-3-7B-Instruct-SFT,given,male,carpenter,no,0.3568836750428128,0.22678787801311132,0.6286155436944673,10,male,0,1,0,0,-0.34279098020309323,0.368741480050147,-1.196581791229467,-0.05005864050424488
2,0.7000000000000001,base,allenai/Olmo-3-1025-7B,given,male,carpenter,no,0.3687636312309214,0.3235852986521771,0.7889756383834373,10,male,0,0,0,0,0.3427909802030929,0.4626612590140116,-0.4664508753243316,0.2435022540617508
2,0.7000000000000001,dpo,allenai/Olmo-3-7B-Instruct-DPO,given,male,carpenter,no,0.24665239212750284,0.31278301693298877,0.9842661812209587,10,male,0,0,1,0,0.3427909802030929,-0.5027177713460869,-0.55185600494152,0.5422740296647808
2,0.7000000000000001,rlvr,allenai/Olmo-3-7B-Instruct,given,male,carpenter,no,0.2556436892785012,0.4636825132774977,0.8768897178172976,10,male,0,0,0,1,0.3427909802030929,-0.4316349636615378,0.716973756742045,0.3845821891709301
2,0.7000000000000001,sft,allenai/Olmo-3-7B-Instruct-SFT,given,male,carpenter,no,0.26902161947581393,0.36732967187403226,0.983102389397058,10,male,0,1,0,0,0.3427909802030929,-0.3258725999599535,-0.11152951543010006,0.5406405251197516
2,1.0,base,allenai/Olmo-3-1025-7B,given,male,carpenter,no,0.21649600247180967,0.4071948410594318,1.8018518829345702,10,male,0,0,0,0,1.3711639208123716,-0.7411261800947568,0.22383767782734215,1.4295549807484893
2,1.0,dpo,allenai/Olmo-3-7B-Instruct-DPO,given,male,carpenter,no,0.11895276235591755,0.4899697943883343,1.8069160269796842,10,male,0,0,1,0,1.3711639208123716,-1.512277134361226,0.9531784772622196,1.4339272095637905
2,1.0,rlvr,allenai/Olmo-3-7B-Instruct,given,male,carpenter,no,0.1472891706985704,0.40655345864310616,1.579714675309757,10,male,0,0,0,1,1.3711639208123716,-1.2882570145870735,0.21835650646776353,1.2273037926290051
2,1.0,sft,allenai/Olmo-3-7B-Instruct-SFT,given,male,carpenter,no,0.18836639260419344,0.33473482453053943,2.0013967855374015,10,male,0,1,0,0,1.3711639208123716,-0.9635114060395076,-0.3773494436896374,1.5948520246156415
3,0.2,base,allenai/Olmo-3-1025-7B,given,female,carpenter,no,0.5232854240304363,0.24675030375130527,0.1856237727953994,10,female,1,0,0,0,-1.371163920812372,1.6842695204449094,-1.0528508854922707,-1.4179613529826485
3,0.2,dpo,allenai/Olmo-3-7B-Instruct-DPO,given,female,carpenter,no,0.4242151900609442,0.22063118604691714,0.22635647864897152,10,female,1,0,1,0,-1.371163920812372,0.9010465582569932,-1.240124296789023,-1.2174606151659724
3,0.2,rlvr,allenai/Olmo-3-7B-Instruct,given,female,carpenter,no,0.47184368372106317,0.25595294472807634,0.20750580205838162,10,female,1,0,0,1,-1.371163920812372,1.2775847816401553,-0.9853228602712857,-1.3063129019693334
3,0.2,sft,allenai/Olmo-3-7B-Instruct-SFT,given,female,carpenter,no,0.5358398104620387,0.18198812920799148,0.229497702539815,10,female,1,1,0,0,-1.371163920812372,1.7835211658224637,-1.504364850011739,-1.203235787686605
3,0.5,base,allenai/Olmo-3-1025-7B,given,female,carpenter,no,0.3923985050226871,0.35953906602678065,0.54752023402048,10,female,1,0,0,0,-0.34279098020309323,0.6495122950964006,-0.1757705378223519,-0.22213039269153545
3,0.5,dpo,allenai/Olmo-3-7B-Instruct-DPO,given,female,carpenter,no,0.30564326028867167,0.3263476577797678,0.6024849645983688,10,female,1,0,1,0,-0.34279098020309323,-0.036351632375875714,-0.4444646408995414,-0.10345643943840363
3,0.5,rlvr,allenai/Olmo-3-7B-Instruct,given,female,carpenter,no,0.3051091388804475,0.34275802983545717,0.5513254545877563,10,female,1,0,0,1,-0.34279098020309323,-0.04057425439619055,-0.3126466610958408,-0.21361422234210684
3,0.5,sft,allenai/Olmo-3-7B-Instruct-SFT,given,female,carpenter,no,0.38109879407579644,0.24861276990212688,0.6456960605026193,10,female,1,1,0,0,-0.34279098020309323,0.5601797809285602,-1.0392475960298067,-0.016108154695577852
3,0.7000000000000001,base,allenai/Olmo-3-1025-7B,given,female,carpenter,no,0.32895161859405414,0.36326198512700336,0.8456428924016652,10,female,1,0,0,0,0.3427909802030929,0.14791805897562205,-0.14512585634773645,0.33579351654568285
3,0.7000000000000001,dpo,allenai/Olmo-3-7B-Instruct-DPO,given,female,carpenter,no,0.22009029047876147,0.360939188902283,0.9359019959863518,10,female,1,0,1,0,0.3427909802030929,-0.7127106935559021,-0.16425734560573715,0.4730458171706388
3,0.7000000000000001,rlvr,allenai/Olmo-3-7B-Instruct,given,female,carpenter,no,0.21113474986804925,0.48472943856945433,0.8585348453321924,10,female,1,0,0,1,0.3427909802030929,-0.7835108195279087,0.905763606763793,0.3560951152440907
3,0.7000000000000001,sft,allenai/Olmo-3-7B-Instruct-SFT,given,female,carpenter,no,0.30665903453443705,0.40766593238889653,0.8264043295891337,10,female,1,1,0,0,0.3427909802030929,-0.028321190922315134,0.2278653040404482,0.30503158888662535
3,1.0,base,allenai/Olmo-3-1025-7B,given,female,carpenter,no,0.1952191242389683,0.37363245900102265,1.7099950249989824,10,female,1,0,0,0,1.3711639208123716,-0.9093355294414972,-0.059240180357954635,1.34848678965607
3,1.0,dpo,allenai/Olmo-3-7B-Instruct-DPO,given,female,carpenter,no,0.1402340546633484,0.40747414286438527,1.834818234044127,10,female,1,0,1,0,1.3711639208123716,-1.3440328885129151,0.2262254091143308,1.4578426195078291
3,1.0,rlvr,allenai/Olmo-3-7B-Instruct,given,female,carpenter,no,0.15675378665435186,0.4315871429404828,1.5355573216689127,10,female,1,0,0,1,1.3711639208123716,-1.2134322741192058,0.4342926095237383,1.1844117796500866
3,1.0,sft,allenai/Olmo-3-7B-Instruct-SFT,given,female,carpenter,no,0.14609032199252925,0.4048791917826148,1.9555449228634434,10,female,1,1,0,0,1.3711639208123716,-1.2977347941091228,0.20406133398561951,1.5580792746008305
4,0.2,base,allenai/Olmo-3-1025-7B,given,male,mechanic,yes,0.5575223465907869,0.19812842271918077,0.17686703592913622,10,male,0,0,0,0,-1.371163920812372,1.9549375387739427,-1.3959588593643963,-1.4656122943987795
4,0.2,dpo,allenai/Olmo-3-7B-Instruct-DPO,given,male,mechanic,yes,0.4423825153665958,0.13118892985872502,0.20655182022829632,10,male,0,0,1,0,-1.371163920812372,1.0446726078866493,-1.8249891811136991,-1.3109788372501512
4,0.2,rlvr,allenai/Olmo-3-7B-Instruct,given,male,mechanic,yes,0.4580663930359103,0.206075466531658,0.18557406952901973,10,male,0,0,0,1,-1.371163920812372,1.1686651799697654,-1.341532185356824,-1.4182266887847248
4,0.2,sft,allenai/Olmo-3-7B-Instruct-SFT,given,male,mechanic,yes,0.4828285028743311,0.19697710462611842,0.1919800454148921,10,male,0,1,0,0,-1.371163920812372,1.3644278449054592,-1.403787372471889,-1.3844886585430982
4,0.5,base,allenai/Olmo-3-1025-7B,given,male,mechanic,yes,0.48594924064071826,0.23127591342582907,0.5272867173308319,10,male,0,0,0,0,-0.34279098020309323,1.3890995689911634,-1.1646035614979255,-0.26822673511084544
4,0.5,dpo,allenai/Olmo-3-7B-Instruct-DPO,given,male,mechanic,yes,0.2936355890743222,0.516248190426881,0.528412278368773,10,male,0,0,1,0,-0.34279098020309323,-0.1312810924231536,1.1933465247279427,-0.26562557241451484
4,0.5,rlvr,allenai/Olmo-3-7B-Instruct,given,male,mechanic,yes,0.3715840872427744,0.5233374017080527,0.49748891033316356,10,male,0,0,0,1,-0.34279098020309323,0.48495903528659534,1.2588111595419644,-0.3387631282191115
4,0.5,sft,allenai/Olmo-3-7B-Instruct-SFT,given,male,mechanic,yes,0.34187996410128335,0.49251232580219995,0.47922984207030145,10,male,0,1,0,0,-0.34279098020309323,0.2501261255022344,0.9762413418048884,-0.38367534651400664
4,0.7000000000000001,base,allenai/Olmo-3-1025-7B,given,male,mechanic,yes,0.3794127727927377,0.3046201829503495,0.8434102922234057,10,male,0,0,0,0,0.3427909802030929,0.5468505443787024,-0.6157785542940606,0.332252581958426
4,0.7000000000000001,dpo,allenai/Olmo-3-7B-Instruct-DPO,given,male,mechanic,yes,0.23090379027428007,0.3649544732215499,0.9323111448744854,10,male,0,0,1,0,0.3427909802030929,-0.6272220356400181,-0.1311614308235359,0.46779250465850225
4,0.7000000000000001,rlvr,allenai/Olmo-3-7B-Instruct,given,male,mechanic,yes,0.22009205693449824,0.4285818361577556,0.8326113963676022,10,male,0,0,0,1,0.3427909802030929,-0.7126967284259201,0.4081548907775447,0.31501863105578626
4,0.7000000000000001,sft,allenai/Olmo-3-7B-Instruct-SFT,given,male,mechanic,yes,0.24405498145746482,0.446040072092144,0.854666764962591,10,male,0,1,0,0,0.3427909802030929,-0.5232522103747879,0.5607928940448973,0.3500296466931343
4,1.0,base,allenai/Olmo-3-1025-7B,given,male,mechanic,yes,0.2345212331345463,0.355498683426798,1.6719365593592321,10,male,0,0,0,0,1.3711639208123716,-0.598623492979508,-0.20891493825819155,1.3138733064055486
4,1.0,dpo,allenai/Olmo-3-7B-Instruct-DPO,given,male,mechanic,yes,0.15903409381299902,0.4089103895088258,1.9629432944624372,10,male,0,0,1,0,1.3711639208123716,-1.1954047712464062,0.23851195273859505,1.5640591047176642
4,1.0,rlvr,allenai/Olmo-3-7B-Instruct,given,male,mechanic,yes,0.12935043788507763,0.554386125672559,1.4171910976227369,10,male,0,0,0,1,1.3711639208123716,-1.4300758726752452,1.5488063035347268,1.06435475783147
4,1.0,sft,allenai/Olmo-3-7B-Instruct-SFT,given,male,mechanic,yes,0.1479708859640377,0.5003229791479835,1.5787524101374681,10,male,0,1,0,0,1.3711639208123716,-1.28286755472416,1.0473256515150247,1.22637939940311
5,0.2,base,allenai/Olmo-3-1025-7B,given,female,mechanic,yes,0.5385404837185297,0.2883786965396492,0.18648266799828123,10,female,1,0,0,0,-1.371163920812372,1.8048719714388304,-0.7413493132262388,-1.413385193280902
5,0.2,dpo,allenai/Olmo-3-7B-Instruct-DPO,given,female,mechanic,yes,0.3902156968562823,0.26847231695959706,0.2136479641771673,10,female,1,0,1,0,-1.371163920812372,0.6322555933659295,-0.892220021767746,-1.276676187244635
5,0.2,rlvr,allenai/Olmo-3-7B-Instruct,given,female,mechanic,yes,0.433982352854863,0.202484545705556,0.1938970726078947,10,female,1,0,0,1,-1.371163920812372,0.978263153687467,-1.3662090352363643,-1.3745677908622147
5,0.2,sft,allenai/Olmo-3-7B-Instruct-SFT,given,female,mechanic,yes,0.4216270886081929,0.26114311462794604,0.2331475630162198,10,female,1,1,0,0,-1.371163920812372,0.8805857154281478,-0.9468959499572241,-1.1869021995782796
5,0.5,base,allenai/Olmo-3-1025-7B,given,female,mechanic,yes,0.44327295064959904,0.28876858636619934,0.5396274970280103,10,female,1,0,0,0,-0.34279098020309323,1.051712152783709,-0.738360536348592,-0.23994678074116124
5,0.5,dpo,allenai/Olmo-3-7B-Instruct-DPO,given,female,mechanic,yes,0.26662407560208706,0.40278158679877446,0.5825964618789405,10,female,1,0,1,0,-0.34279098020309323,-0.34482694517058565,0.18617801188166097,-0.1453562413000772
5,0.5,rlvr,allenai/Olmo-3-7B-Instruct,given,female,mechanic,yes,0.31961182367366625,0.4178538229014392,0.5289380620655193,10,female,1,0,0,1,-0.34279098020309323,0.07408012046801242,0.31532573151758797,-0.2644120110193923
5,0.5,sft,allenai/Olmo-3-7B-Instruct-SFT,given,female,mechanic,yes,0.3206673405618461,0.3374373015244581,0.6444189760898832,10,female,1,1,0,0,-0.34279098020309323,0.08242475669905397,-0.3556096383178567,-0.018621535013108634
5,0.7000000000000001,base,allenai/Olmo-3-1025-7B,given,female,mechanic,yes,0.3499523493018192,0.32533683870673774,0.8179479577777281,10,female,1,0,0,0,0.3427909802030929,0.31394425931861886,-0.4525168339844611,0.2913283164270845
5,0.7000000000000001,dpo,allenai/Olmo-3-7B-Instruct-DPO,given,female,mechanic,yes,0.22131615138669464,0.3703250543459855,0.9121837317101681,10,female,1,0,1,0,0.3427909802030929,-0.7030193627386412,-0.08671424842867785,0.4380429336644511
5,0.7000000000000001,rlvr,allenai/Olmo-3-7B-Instruct,given,female,mechanic,yes,0.2447628047729989,0.38757553921437754,0.8888569495312562,10,female,1,0,0,1,0.3427909802030929,-0.5176563472009007,0.05742440227459585,0.4028993204633405
5,0.7000000000000001,sft,allenai/Olmo-3-7B-Instruct-SFT,given,female,mechanic,yes,0.26394223595428384,0.4537966414722208,0.9049682756169662,10,female,1,1,0,0,0.3427909802030929,-0.36602885727783135,0.6292222173649717,0.4272499543752326
5,1.0,base,allenai/Olmo-3-1025-7B,given,female,mechanic,yes,0.1863693918419552,0.3989180341728843,1.820504912058512,10,female,1,0,0,0,1.3711639208123716,-0.9792991637728083,0.15331607342537,1.445611125455971
5,1.0,dpo,allenai/Olmo-3-7B-Instruct-DPO,given,female,mechanic,yes,0.1387407061978767,0.46062377947239697,2.1793245325013992,10,female,1,0,1,0,1.3711639208123716,-1.3558389049301742,0.6897591700445506,1.7314519134702986
5,1.0,rlvr,allenai/Olmo-3-7B-Instruct,given,female,mechanic,yes,0.13258697909027195,0.4867701816737165,1.7432597152975695,10,female,1,0,0,1,1.3711639208123716,-1.4044886373533203,0.9242091193529898,1.3782386179652522
5,1.0,sft,allenai/Olmo-3-7B-Instruct-SFT,given,female,mechanic,yes,0.1264964659287263,0.4771453642741679,1.930099910938491,10,female,1,1,0,0,1.3711639208123716,-1.4526386171050512,0.8374297366551361,1.537373686610095
6,0.2,base,allenai/Olmo-3-1025-7B,given,male,mechanic,no,0.5482956358711591,0.1999702708131149,0.1890454306778205,10,male,0,0,0,0,-1.371163920812372,1.881993613928633,-1.3834050786916208,-1.3998305085262979
6,0.2,dpo,allenai/Olmo-3-7B-Instruct-DPO,given,male,mechanic,no,0.4641705947074975,0.11865180170269173,0.21924120886655635,10,male,0,0,1,0,-1.371163920812372,1.2169233774469734,-1.8987231539508531,-1.2502760141511875
6,0.2,rlvr,allenai/Olmo-3-7B-Instruct,given,male,mechanic,no,0.398764313651161,0.4445797314553736,0.19222162020680372,10,male,0,0,0,1,-1.371163920812372,0.6998386877064159,0.5479514692207044,-1.3832341193791182
6,0.2,sft,allenai/Olmo-3-7B-Instruct-SFT,given,male,mechanic,no,0.4731830522857405,0.1166023511633061,0.22939713686687493,10,male,0,1,0,0,-1.371163920812372,1.2881734738502795,-1.910550289769606,-1.2036887688940203
6,0.5,base,allenai/Olmo-3-1025-7B,given,male,mechanic,no,0.4460816317078328,0.23267965318773215,0.5612867940212578,10,male,0,0,0,0,-0.34279098020309323,1.0739168393997551,-1.1545610545854235,-0.19154138705840545
6,0.5,dpo,allenai/Olmo-3-7B-Instruct-DPO,given,male,mechanic,no,0.3173081471313692,0.3866835059639948,0.6184625755707973,10,male,0,0,1,0,-0.34279098020309323,0.0558678654536925,0.049920237095694986,-0.07059111814454705
6,0.5,rlvr,allenai/Olmo-3-7B-Instruct,given,male,mechanic,no,0.28175829205697983,0.4482390165593912,0.5789479839345328,10,male,0,0,0,1,-0.34279098020309323,-0.22517984868906935,0.5801542886379042,-0.15316661889599256
6,0.5,sft,allenai/Olmo-3-7B-Instruct-SFT,given,male,mechanic,no,0.3239302029585199,0.4491999595411786,0.5441855261562456,10,male,0,1,0,0,-0.34279098020309323,0.10822008037136269,0.5886247041535683,-0.2296326128544714
6,0.7000000000000001,base,allenai/Olmo-3-1025-7B,given,male,mechanic,no,0.40850028054488796,0.3361375735473222,0.8153163032730415,10,male,0,0,0,0,0.3427909802030929,0.7768086566338791,-0.366072072792914,0.287040656422239
6,0.7000000000000001,dpo,allenai/Olmo-3-7B-Instruct-DPO,given,male,mechanic,no,0.24732622137174307,0.41739497993010893,0.9524857598753277,10,male,0,0,1,0,0.3427909802030929,-0.4973906562729036,0.31137203211798226,0.4970999681851271
6,0.7000000000000001,rlvr,allenai/Olmo-3-7B-Instruct,given,male,mechanic,no,0.23889891572228952,0.41099089468936195,0.867060416721365,10,male,0,0,0,1,0.3427909802030929,-0.5640146969111898,0.2563341014807688,0.36938700712305483
6,0.7000000000000001,sft,allenai/Olmo-3-7B-Instruct-SFT,given,male,mechanic,no,0.29345600945180517,0.520291030529678,0.7816842246008935,10,male,0,1,0,0,0.3427909802030929,-0.13270080123235742,1.2306451355097292,0.23124475060417493
6,1.0,base,allenai/Olmo-3-1025-7B,given,male,mechanic,no,0.24407610980093153,0.41473661106786547,1.7094580663045242,10,male,0,0,0,0,1.3711639208123716,-0.5230851753018595,0.2884928287872595,1.3480027473584029
6,1.0,dpo,allenai/Olmo-3-7B-Instruct-DPO,given,male,mechanic,no,0.1446310421782869,0.48339000253448905,2.065425530026356,10,male,0,0,1,0,1.3711639208123716,-1.3092714728165122,0.8936702877734733,1.6450894482962242
6,1.0,rlvr,allenai/Olmo-3-7B-Instruct,given,male,mechanic,no,0.11950529309277962,0.4657199250686327,1.7129347630802871,10,male,0,0,0,1,1.3711639208123716,-1.5079089730771995,0.7351328622041985,1.3511346655343415
6,1.0,sft,allenai/Olmo-3-7B-Instruct-SFT,given,male,mechanic,no,0.18240971741556078,0.4417761061193998,1.7265734972432252,10,male,0,1,0,0,1.3711639208123716,-1.0106032983173516,0.5233353550957894,1.3633719138544527
7,0.2,base,allenai/Olmo-3-1025-7B,given,female,mechanic,no,0.5587209221477297,0.2904363142862587,0.19096104883042103,10,female,1,0,0,0,-1.371163920812372,1.964413158851754,-0.7255618424013887,-1.3897944394549244
7,0.2,dpo,allenai/Olmo-3-7B-Instruct-DPO,given,female,mechanic,no,0.4430688114060887,0.12216735095973277,0.22394492624857124,10,female,1,0,1,0,-1.371163920812372,1.0500982821326093,-1.8782848148444555,-1.2284888604955153
7,0.2,rlvr,allenai/Olmo-3-7B-Instruct,given,female,mechanic,no,0.45802068184491923,0.11972468703481878,0.20782575960882252,10,female,1,0,0,1,-1.371163920812372,1.1683037994321541,-1.8925057663636238,-1.3047518340772981
7,0.2,sft,allenai/Olmo-3-7B-Instruct-SFT,given,female,mechanic,no,0.5040765873947003,0.15279388843319347,0.19779682662631642,10,female,1,1,0,0,-1.371163920812372,1.5324095588074123,-1.6926856395158427,-1.3546261223168912
7,0.5,base,allenai/Olmo-3-1025-7B,given,female,mechanic,no,0.4671573956611539,0.29970940130489193,0.5687073784513713,10,female,1,0,0,0,-0.34279098020309323,1.2405362326574378,-0.6539751542819907,-0.17530154358297714
7,0.5,dpo,allenai/Olmo-3-7B-Instruct-DPO,given,female,mechanic,no,0.3040596639779453,0.3607175030808091,0.6246631449652384,10,female,1,0,1,0,-0.34279098020309323,-0.04887112429288173,-0.16608120827272937,-0.05801982707359757
7,0.5,rlvr,allenai/Olmo-3-7B-Instruct,given,female,mechanic,no,0.3124517532134667,0.4015208131593294,0.5473806335201767,10,female,1,0,0,1,-0.34279098020309323,0.017474504728388573,0.17544333065487763,-0.22244372224167674
7,0.5,sft,allenai/Olmo-3-7B-Instruct-SFT,given,female,mechanic,no,0.34006193443627597,0.38452596254924015,0.5752180847001636,10,female,1,1,0,0,-0.34279098020309323,0.23575326573881575,0.03179271129415028,-0.16119215999264816
7,0.7000000000000001,base,allenai/Olmo-3-1025-7B,given,female,mechanic,no,0.3356331467637042,0.3991223834857652,0.8350878070397302,10,female,1,0,0,0,0.3427909802030929,0.2007404464405273,0.15505168010293427,0.3189864861630871
7,0.7000000000000001,dpo,allenai/Olmo-3-7B-Instruct-DPO,given,female,mechanic,no,0.2790208479330914,0.3356208095589566,0.9800143271985577,10,female,1,0,1,0,0.3427909802030929,-0.24682135501877117,-0.37022832152861745,0.5362985837489991
7,0.7000000000000001,rlvr,allenai/Olmo-3-7B-Instruct,given,female,mechanic,no,0.2516521922733388,0.4329674673626626,0.8616979242192608,10,female,1,0,0,1,0.3427909802030929,-0.4631906790635038,0.4463168862572578,0.36103883557743593
7,0.7000000000000001,sft,allenai/Olmo-3-7B-Instruct-SFT,given,female,mechanic,no,0.27774922428569165,0.5114280109100005,0.8049135545027479,10,female,1,1,0,0,0.3427909802030929,-0.2568744739022022,1.1489969679660839,0.2699825414516961
7,1.0,base,allenai/Olmo-3-1025-7B,given,female,mechanic,no,0.21522301161602841,0.4059405476297646,1.8721973209381102,10,female,1,0,0,0,1.3711639208123716,-0.7511901077645972,0.21312120366737497,1.4894284006065606
7,1.0,dpo,allenai/Olmo-3-7B-Instruct-DPO,given,female,mechanic,no,0.13778035064232447,0.45199411129542616,1.942437933678428,10,female,1,0,1,0,1.3711639208123716,-1.3634312209350488,0.6132868392798688,1.547440743085155
7,1.0,rlvr,allenai/Olmo-3-7B-Instruct,given,female,mechanic,no,0.1697500146025808,0.43181683888130074,1.7022409099855769,10,female,1,0,0,1,1.3711639208123716,-1.1106875470398716,0.43629269318368497,1.3414849811642027
7,1.0,sft,allenai/Olmo-3-7B-Instruct-SFT,given,female,mechanic,no,0.16071975878764297,0.4147091609178597,1.995912363052368,10,female,1,1,0,0,1.3711639208123716,-1.1820783515762598,0.2882568209966046,1.5904893259063717
8,0.2,base,allenai/Olmo-3-1025-7B,given,male,engineer,yes,0.5469696693260491,0.13328840482139587,0.18044880889603293,10,male,0,0,0,0,-1.371163920812372,1.8715108745263722,-1.812416113486615,-1.4458981036469507
8,0.2,dpo,allenai/Olmo-3-7B-Instruct-DPO,given,male,engineer,yes,0.5535367855840098,0.41261251598184634,0.1625814948713507,10,male,0,0,1,0,-1.371163920812372,1.9234287517989372,0.2702451465305199,-1.547571486392442
8,0.2,rlvr,allenai/Olmo-3-7B-Instruct,given,male,engineer,yes,0.46305721461033017,0.5758250478135598,0.1286052673518851,10,male,0,0,0,1,-1.371163920812372,1.2081212900509448,1.7520846872094693,-1.768611465156719
8,0.2,sft,allenai/Olmo-3-7B-Instruct-SFT,given,male,engineer,yes,0.3944300167643043,0.3729647637309931,0.1680737972690721,10,male,0,1,0,0,-1.371163920812372,0.6655728874684639,-0.06479283800768987,-1.5154030771301523
8,0.5,base,allenai/Olmo-3-1025-7B,given,male,engineer,yes,0.4106394621144316,0.3326475923129566,0.42612444189312787,10,male,0,0,0,0,-0.34279098020309323,0.7937204580743773,-0.3941020324367683,-0.5225881865952975
8,0.5,dpo,allenai/Olmo-3-7B-Instruct-DPO,given,male,engineer,yes,0.26900943393525834,0.4555616400615212,0.5413172274680236,10,male,0,0,1,0,-0.34279098020309323,-0.32596893560778045,0.6448452124771461,-0.2361150514598243
8,0.5,rlvr,allenai/Olmo-3-7B-Instruct,given,male,engineer,yes,0.32832962507288316,0.5252575553507614,0.46974992488047224,10,male,0,0,0,1,-0.34279098020309323,0.14300074336432303,1.2765911333854458,-0.40753626908272705
8,0.5,sft,allenai/Olmo-3-7B-Instruct-SFT,given,male,engineer,yes,0.28893010314190015,0.5042407191102691,0.42289982764589673,10,male,0,1,0,0,-0.34279098020309323,-0.16848141468806377,1.0831135617188088,-0.5314611873483011
8,0.7000000000000001,base,allenai/Olmo-3-1025-7B,given,male,engineer,yes,0.3909367230091691,0.3203669509631594,0.7722827356612926,10,male,0,0,0,0,0.3427909802030929,0.6379558346659837,-0.4919916073968124,0.21530411864802862
8,0.7000000000000001,dpo,allenai/Olmo-3-7B-Instruct-DPO,given,male,engineer,yes,0.18921934161145176,0.5256294855532458,0.8559610096790908,10,male,0,0,1,0,0.3427909802030929,-0.9567682176842057,1.2800374616905552,0.3520615724092096
8,0.7000000000000001,rlvr,allenai/Olmo-3-7B-Instruct,given,male,engineer,yes,0.27060854281910485,0.43301101785209334,0.7629017186527526,10,male,0,0,0,1,0.3427909802030929,-0.31332680540696795,0.44669646071233365,0.1992425012177421
8,0.7000000000000001,sft,allenai/Olmo-3-7B-Instruct-SFT,given,male,engineer,yes,0.22601270919713246,0.6016646851460206,0.5844981450485056,10,male,0,1,0,0,0.3427909802030929,-0.6658896238353229,2.000285679666783,-0.1413007879376491
8,1.0,base,allenai/Olmo-3-1025-7B,given,male,engineer,yes,0.2157553527039257,0.4761958126590987,1.7004048957824704,10,male,0,0,0,0,1.3711639208123716,-0.746981560484032,0.8288981751297817,1.3398233577028973
8,1.0,dpo,allenai/Olmo-3-7B-Instruct-DPO,given,male,engineer,yes,0.10669069054224854,0.5464084355402241,1.6849826267966996,10,male,0,0,1,0,1.3711639208123716,-1.609217817991995,1.4737915574795952,1.3258089116969571
8,1.0,rlvr,allenai/Olmo-3-7B-Instruct,given,male,engineer,yes,0.1423901459520973,0.43964339519936163,1.5451408426544315,10,male,0,0,0,1,1.3711639208123716,-1.326987403322666,0.5046429916326208,1.1938038413661611
8,1.0,sft,allenai/Olmo-3-7B-Instruct-SFT,given,male,engineer,yes,0.11571300765777388,0.5119026292294431,1.7084514697884003,10,male,0,1,0,0,1.3711639208123716,-1.5378897747050826,1.1533579939188663,1.3470950210254886
9,0.2,base,allenai/Olmo-3-1025-7B,given,female,engineer,yes,0.582140386375605,0.2448770604919011,0.17497067730971852,10,female,1,0,0,0,-1.371163920812372,2.149561224122891,-1.066500161121334,-1.4761797076197654
9,0.2,dpo,allenai/Olmo-3-7B-Instruct-DPO,given,female,engineer,yes,0.404603771201525,0.178754249534987,0.19285740298166412,10,female,1,0,1,0,-1.371163920812372,0.74600388846263,-1.5257299384892964,-1.3799384161207982
9,0.2,rlvr,allenai/Olmo-3-7B-Instruct,given,female,engineer,yes,0.437656083899839,0.2013474306399141,0.1713762003461376,10,female,1,0,0,1,-1.371163920812372,1.0073066957892642,-1.373994598659039,-1.4964641944077803
9,0.2,sft,allenai/Olmo-3-7B-Instruct-SFT,given,female,engineer,yes,0.3874696724464819,0.3326427270985237,0.20020002733014103,10,female,1,1,0,0,-1.371163920812372,0.6105462535742568,-0.39414104297096436,-1.3424935074173159
9,0.5,base,allenai/Olmo-3-1025-7B,given,female,engineer,yes,0.4471054617273725,0.3532685365356749,0.4915865642814256,10,female,1,0,0,0,-0.34279098020309323,1.0820109676616072,-0.2271585672725391,-0.35313469990185936
9,0.5,dpo,allenai/Olmo-3-7B-Instruct-DPO,given,female,engineer,yes,0.25091772131561074,0.4214024577837518,0.5231898307056825,10,female,1,0,1,0,-0.34279098020309323,-0.4689972114204366,0.3459494746414514,-0.27773232524751795
9,0.5,rlvr,allenai/Olmo-3-7B-Instruct,given,female,engineer,yes,0.31390927456087503,0.5597280561076641,0.4048644753154712,10,female,1,0,0,1,-0.34279098020309323,0.028997281463939838,1.5992283826861489,-0.5821121219017611
9,0.5,sft,allenai/Olmo-3-7B-Instruct-SFT,given,female,engineer,yes,0.2850406678864577,0.3571681645359028,0.5980981208219667,10,female,1,1,0,0,-0.34279098020309323,-0.19923025699869995,-0.1952340829492155,-0.11260205677739736
9,0.7000000000000001,base,allenai/Olmo-3-1025-7B,given,female,engineer,yes,0.3460857325036782,0.3939620966076931,0.7762495525131619,10,female,1,0,0,0,0.3427909802030929,0.28337581367208775,0.11131000871097767,0.22204888140777626
9,0.7000000000000001,dpo,allenai/Olmo-3-7B-Instruct-DPO,given,female,engineer,yes,0.19735614018125466,0.48876213277506936,0.8602100337711868,10,female,1,0,1,0,0.3427909802030929,-0.8924408488750242,0.9422372310541357,0.35871515757986705
9,0.7000000000000001,rlvr,allenai/Olmo-3-7B-Instruct,given,female,engineer,yes,0.30139733269515556,0.3022628774621409,0.7577209311855362,10,female,1,0,0,1,0.3427909802030929,-0.06991880844667374,-0.6341384448065432,0.19030434442143945
9,0.7000000000000001,sft,allenai/Olmo-3-7B-Instruct-SFT,given,female,engineer,yes,0.2566155429698565,0.5343698829118594,0.7233424921173399,10,female,1,1,0,0,0.3427909802030929,-0.42395174644827294,1.361247852027264,0.1297195872695141
9,1.0,base,allenai/Olmo-3-1025-7B,given,female,engineer,yes,0.2553383451348135,0.4189072635485969,1.4530265091174814,10,female,1,0,0,0,1.3711639208123716,-0.43404893337901546,0.32440808009432615,1.1015238913361443
9,1.0,dpo,allenai/Olmo-3-7B-Instruct-DPO,given,female,engineer,yes,0.1441489173135802,0.48187042242830275,1.5553125569894906,10,female,1,0,1,0,1.3711639208123716,-1.3130830239711841,0.879963340215972,1.2037214374853207
9,1.0,rlvr,allenai/Olmo-3-7B-Instruct,given,female,engineer,yes,0.1654344302804468,0.418582612120906,1.4207051010788698,10,female,1,0,0,1,1.3711639208123716,-1.144805410710148,0.32160829270263164,1.0680326229464552
9,1.0,sft,allenai/Olmo-3-7B-Instruct-SFT,given,female,engineer,yes,0.1469515823222984,0.5086853053978402,1.6469755228298404,10,female,1,1,0,0,1.3711639208123716,-1.290925898645078,1.123820744961039,1.2908274448295254
10,0.2,base,allenai/Olmo-3-1025-7B,given,male,engineer,no,0.5665108084536249,0.13943323932700444,0.19023256296784313,10,male,0,0,0,0,-1.371163920812372,2.0259979314231917,-1.7752581873546602,-1.3936014885438082
10,0.2,dpo,allenai/Olmo-3-7B-Instruct-DPO,given,male,engineer,no,0.4223494419423883,0.12972857059969742,0.21676866019367794,10,male,0,0,1,0,-1.371163920812372,0.8862964490712021,-1.83369738904575,-1.2618791361276673
10,0.2,rlvr,allenai/Olmo-3-7B-Instruct,given,male,engineer,no,0.5137881062646821,0.38169719079809994,0.1657577092180967,10,male,0,0,0,1,-1.371163920812372,1.6091862481511892,0.00807430303367847,-1.5288641816348418
10,0.2,sft,allenai/Olmo-3-7B-Instruct-SFT,given,male,engineer,no,0.5233652662645777,0.21893555943175072,0.18430241518804022,10,male,0,1,0,0,-1.371163920812372,1.6849007319463496,-1.2520495087254377,-1.4250347240572376
10,0.5,base,allenai/Olmo-3-1025-7B,given,male,engineer,no,0.4510554631273309,0.18761271883745592,0.5072954938967362,10,male,0,0,0,0,-0.34279098020309323,1.1132386298277686,-1.4669190933479703,-0.31518432330946067
10,0.5,dpo,allenai/Olmo-3-7B-Instruct-DPO,given,male,engineer,no,0.26162566169882906,0.4933533995052195,0.5794369498958092,10,male,0,0,1,0,-0.34279098020309323,-0.38434307818745683,0.9838788810924727,-0.15211759476618084
10,0.5,rlvr,allenai/Olmo-3-7B-Instruct,given,male,engineer,no,0.24733984459648836,0.5462195453927821,0.49007521495133144,10,male,0,0,0,1,-0.34279098020309323,-0.4972829546756423,1.4720195871192894,-0.356836887063742
10,0.5,sft,allenai/Olmo-3-7B-Instruct-SFT,given,male,engineer,no,0.4330630583969118,0.5741028302094487,0.2475297890328058,10,male,0,1,0,0,-0.34279098020309323,0.9709954558166697,1.7356652527548688,-1.1244687930717632
10,0.7000000000000001,base,allenai/Olmo-3-1025-7B,given,male,engineer,no,0.3926136936155934,0.2969698791245255,0.8562176375806526,10,male,0,0,0,0,0.3427909802030929,0.651213518969729,-0.6751977801580428,0.35246417817705145
10,0.7000000000000001,dpo,allenai/Olmo-3-7B-Instruct-DPO,given,male,engineer,no,0.2256841659442917,0.3646812738244844,0.9390231603679775,10,male,0,0,1,0,0.3427909802030929,-0.6684869995493646,-0.13341694106995078,0.47759889190395355
10,0.7000000000000001,rlvr,allenai/Olmo-3-7B-Instruct,given,male,engineer,no,0.2392741846531868,0.4902952319918452,0.8853486965804549,10,male,0,0,0,1,0.3427909802030929,-0.5610479203941889,0.9561283572202539,0.39755013452539695
10,0.7000000000000001,sft,allenai/Olmo-3-7B-Instruct-SFT,given,male,engineer,no,0.2508243617104374,0.5832711055845203,0.7441064302730418,10,male,0,1,0,0,0.3427909802030929,-0.4697352876677891,1.8232530714346633,0.16658034128148347
10,1.0,base,allenai/Olmo-3-1025-7B,given,male,engineer,no,0.2093245683076293,0.4387986881382331,1.741162404378255,10,male,0,0,0,0,1.3711639208123716,-0.7978216342604816,0.4972473901428204,1.3763762837245257
10,1.0,dpo,allenai/Olmo-3-7B-Instruct-DPO,given,male,engineer,no,0.09667331959054978,0.49609120852773114,1.8322413220250353,10,male,0,0,1,0,1.3711639208123716,-1.688412492676429,1.0087686196609926,1.4556461664106872
10,1.0,rlvr,allenai/Olmo-3-7B-Instruct,given,male,engineer,no,0.17798377644525232,0.40306699478361024,1.5835036178637916,10,male,0,0,0,1,1.3711639208123716,-1.0455936123434733,0.18860955554903316,1.2309392347331385
10,1.0,sft,allenai/Olmo-3-7B-Instruct-SFT,given,male,engineer,no,0.1441536099147587,0.4666359593384835,1.697667775462071,10,male,0,1,0,0,1.3711639208123716,-1.313045925512362,0.743305520810555,1.3373435479213447
11,0.2,base,allenai/Olmo-3-1025-7B,given,female,engineer,no,0.5032750565018697,0.2383019380608877,0.18861182542818392,10,female,1,0,0,0,-1.371163920812372,1.5260728684109683,-1.1141470887276683,-1.4021134985095614
11,0.2,dpo,allenai/Olmo-3-7B-Instruct-DPO,given,female,engineer,no,0.48926748504756984,0.15677762311305313,0.1953105491851603,10,female,1,0,1,0,-1.371163920812372,1.4153327281295387,-1.6676100621589915,-1.3673030666838062
11,0.2,rlvr,allenai/Olmo-3-7B-Instruct,given,female,engineer,no,0.453709091364723,0.12919356905987855,0.1825049487242957,10,female,1,0,0,1,-1.371163920812372,1.1342175100156942,-1.8368798986648356,-1.4347222624051454
11,0.2,sft,allenai/Olmo-3-7B-Instruct-SFT,given,female,engineer,no,0.4752038404528848,0.12854968503340375,0.18457968539266092,10,female,1,1,0,0,-1.371163920812372,1.3041492884901484,-1.8407045802901276,-1.4235471066375323
11,0.5,base,allenai/Olmo-3-1025-7B,given,female,engineer,no,0.4078398211165213,0.3419180403255438,0.49136626363645297,10,female,1,0,0,0,-0.34279098020309323,0.7715872397747084,-0.3194433945150746,-0.35367377816326023
11,0.5,dpo,allenai/Olmo-3-7B-Instruct-DPO,given,female,engineer,no,0.36424483659305634,0.1529330325895189,0.5780886571832904,10,female,1,0,1,0,-0.34279098020309323,0.42693686854898655,-1.6918132488419768,-0.15501193329158813
11,0.5,rlvr,allenai/Olmo-3-7B-Instruct,given,female,engineer,no,0.30882231882259803,0.39339322561387124,0.5193452170563069,10,female,1,0,0,1,-0.34279098020309323,-0.011218839788777087,0.10649895952825729,-0.2867069770250708
11,0.5,sft,allenai/Olmo-3-7B-Instruct-SFT,given,female,engineer,no,0.34422872989540076,0.3850605740844656,0.5411178189708918,10,female,1,1,0,0,-0.34279098020309323,0.2686948441682344,0.03628148773946503,-0.23656674252393467
11,0.7000000000000001,base,allenai/Olmo-3-1025-7B,given,female,engineer,no,0.34609560118481714,0.3880263550749002,0.8729745291645326,10,female,1,0,0,0,0.3427909802030929,0.28345383284459635,0.06121893796856569,0.37854610307154574
11,0.7000000000000001,dpo,allenai/Olmo-3-7B-Instruct-DPO,given,female,engineer,no,0.2703600428815275,0.2482566987772039,0.9067197742563049,10,female,1,0,1,0,0.3427909802030929,-0.31529137992561485,-1.0418508091431908,0.4298761883833207
11,0.7000000000000001,rlvr,allenai/Olmo-3-7B-Instruct,given,female,engineer,no,0.27058567381746573,0.28341142437282624,0.8491372181956109,10,female,1,0,0,1,0.3427909802030929,-0.31350760166118474,-0.7793146309491562,0.34132056245503667
11,0.7000000000000001,sft,allenai/Olmo-3-7B-Instruct-SFT,given,female,engineer,no,0.21616155303673046,0.4651643670734248,0.8778510305542447,10,female,1,1,0,0,0.3427909802030929,-0.7437702485172204,0.730178770883947,0.3860609529939976
11,1.0,base,allenai/Olmo-3-1025-7B,given,female,engineer,no,0.2081803576777889,0.40765695888300274,1.7607976471890683,10,female,1,0,0,0,1.3711639208123716,-0.8068674596609392,0.22778857069992126,1.3937418023540569
11,1.0,dpo,allenai/Olmo-3-7B-Instruct-DPO,given,female,engineer,no,0.12394295119103722,0.4472033650645816,1.8276986251796283,10,female,1,0,1,0,1.3711639208123716,-1.4728260265489335,0.5710317711971823,1.4517681264963331
11,1.0,rlvr,allenai/Olmo-3-7B-Instruct,given,female,engineer,no,0.16626447125906707,0.4501308049139856,1.532869190536439,10,female,1,0,0,1,1.3711639208123716,-1.1382433271461532,0.5968352867916469,1.1817689213809448
11,1.0,sft,allenai/Olmo-3-7B-Instruct-SFT,given,female,engineer,no,0.1367533578091049,0.43405111925751916,1.7687616045288739,10,female,1,1,0,0,1.3711639208123716,-1.371550353561986,0.45576529422559287,1.4007409754344355
12,0.2,base,allenai/Olmo-3-1025-7B,given,male,scientist,yes,0.5710733362400238,0.2066458310787986,0.16503130957894752,10,male,0,0,0,0,-1.371163920812372,2.06206806454742,-1.3376000362322678,-1.5331170485181953
12,0.2,dpo,allenai/Olmo-3-7B-Instruct-DPO,given,male,scientist,yes,0.4002822364801856,0.27027068681804584,0.20242952358011643,10,male,0,0,1,0,-1.371163920812372,0.7118389825163326,-0.8787313514502397,-1.3313417180417564
12,0.2,rlvr,allenai/Olmo-3-7B-Instruct,given,male,scientist,yes,0.3472185949140484,0.4334280103479566,0.1764830774671699,10,male,0,0,0,1,-1.371163920812372,0.29233192306287326,0.4503314675004566,-1.4677445406965246
12,0.2,sft,allenai/Olmo-3-7B-Instruct-SFT,given,male,scientist,yes,0.36748959038678464,0.4118770265593209,0.2013935659235456,10,male,0,1,0,0,-1.371163920812372,0.45258903041505166,0.2639336179685585,-1.3365112066812306
12,0.5,base,allenai/Olmo-3-1025-7B,given,male,scientist,yes,0.45134340632479775,0.26348739114817143,0.4987449462808488,10,male,0,0,0,0,-0.34279098020309323,1.1155150322851533,-0.9294597603889225,-0.33572245733797235
12,0.5,dpo,allenai/Olmo-3-7B-Instruct-DPO,given,male,scientist,yes,0.21926287573169734,0.5544361745751938,0.5465070879954818,10,male,0,0,1,0,-0.34279098020309323,-0.719252014830596,1.549278000681814,-0.2244058263269119
12,0.5,rlvr,allenai/Olmo-3-7B-Instruct,given,male,scientist,yes,0.23953893644132057,0.6162800310985084,0.48477104283855965,10,male,0,0,0,1,-0.34279098020309323,-0.5589548630606358,2.142182576257752,-0.36990273698835285
12,0.5,sft,allenai/Olmo-3-7B-Instruct-SFT,given,male,scientist,yes,0.29139123421466084,0.5476916435850439,0.490627947694488,10,male,0,1,0,0,-0.34279098020309323,-0.1490243659671135,1.4858344052477643,-0.35548185874942234
12,0.7000000000000001,base,allenai/Olmo-3-1025-7B,given,male,scientist,yes,0.40222335351139665,0.41613035765311357,0.7770529027233517,10,male,0,0,0,0,0.3427909802030929,0.7271849383117605,0.30048231618915583,0.22341145135057572
12,0.7000000000000001,dpo,allenai/Olmo-3-7B-Instruct-DPO,given,male,scientist,yes,0.21741547055880295,0.5158396474116379,0.8669145561283316,10,male,0,0,1,0,0.3427909802030929,-0.7338571095588591,1.1895824972887963,0.3691604835159042
12,0.7000000000000001,rlvr,allenai/Olmo-3-7B-Instruct,given,male,scientist,yes,0.2334516602725905,0.4928627487234115,0.7861585492845965,10,male,0,0,0,1,0.3427909802030929,-0.6070792520067329,0.9794229267149268,0.23877728083964248
12,0.7000000000000001,sft,allenai/Olmo-3-7B-Instruct-SFT,given,male,scientist,yes,0.2670609646636748,0.6247025643575221,0.759023371724021,10,male,0,1,0,0,0.3427909802030929,-0.3413730162632449,2.224441455651985,0.19255597617373585
12,1.0,base,allenai/Olmo-3-1025-7B,given,male,scientist,yes,0.18145613600497137,0.5279033781791065,1.7196397463480628,10,male,0,0,0,0,1.3711639208123716,-1.0181420597309885,1.301124257081763,1.357160374719077
12,1.0,dpo,allenai/Olmo-3-7B-Instruct-DPO,given,male,scientist,yes,0.08361598743329776,0.5948400540613483,1.555758300530879,10,male,0,0,1,0,1.3711639208123716,-1.7916402934064013,1.9343979644601084,1.2041548554664556
12,1.0,rlvr,allenai/Olmo-3-7B-Instruct,given,male,scientist,yes,0.13342263723932485,0.4699775182280213,1.4314472005988932,10,male,0,0,0,1,1.3711639208123716,-1.397882145931495,0.7731611745377448,1.0792306345295293
12,1.0,sft,allenai/Olmo-3-7B-Instruct-SFT,given,male,scientist,yes,0.06719716087487633,0.7594687488334263,1.402763592947608,10,male,0,1,0,0,1.3711639208123716,-1.9214431762450195,3.586440926660925,1.049177485339405
13,0.2,base,allenai/Olmo-3-1025-7B,given,female,scientist,yes,0.5254846653797013,0.19167190298487383,0.1640421704371536,10,female,1,0,0,0,-1.371163920812372,1.7016561385553288,-1.43967288931909,-1.5389323585031294
13,0.2,dpo,allenai/Olmo-3-7B-Instruct-DPO,given,female,scientist,yes,0.437954492218393,0.1714063601323651,0.19945453549762032,10,female,1,0,1,0,-1.371163920812372,1.0096658327150065,-1.573819086293736,-1.3462446006483018
13,0.2,rlvr,allenai/Olmo-3-7B-Instruct,given,female,scientist,yes,0.41447714195197066,0.19550706072164337,0.18926030109546252,10,female,1,0,0,1,-1.371163920812372,0.824060135794446,-1.4137620653682965,-1.3987007407978063
13,0.2,sft,allenai/Olmo-3-7B-Instruct-SFT,given,female,scientist,yes,0.42881511421215013,0.31150498479146227,0.18562549509446974,10,female,1,1,0,0,-1.371163920812372,0.9374123371109795,-0.5618994170709095,-1.4179521596855198
13,0.5,base,allenai/Olmo-3-1025-7B,given,female,scientist,yes,0.4289328957451426,0.45394739754223207,0.48134710943785797,10,female,1,0,0,0,-0.34279098020309323,0.9383434866345569,0.6305558944100267,-0.3783979113189584
13,0.5,dpo,allenai/Olmo-3-7B-Instruct-DPO,given,female,scientist,yes,0.2863914370212761,0.3941635780330758,0.5541421911095108,10,female,1,0,1,0,-0.34279098020309323,-0.18855143490840115,0.11301450239709959,-0.20734057617480792
13,0.5,rlvr,allenai/Olmo-3-7B-Instruct,given,female,scientist,yes,0.33040223820891557,0.3150425583961509,0.5230960521165877,10,female,1,0,0,1,-0.34279098020309323,0.15938627244637585,-0.5340676378434295,-0.2779506071950188
13,0.5,sft,allenai/Olmo-3-7B-Instruct-SFT,given,female,scientist,yes,0.36601333603652697,0.34088358356320847,0.5812548434176079,10,female,1,1,0,0,-0.34279098020309323,0.4409181555334232,-0.3278063930978803,-0.14822370695441936
13,0.7000000000000001,base,allenai/Olmo-3-1025-7B,given,female,scientist,yes,0.39235575784978566,0.41034270172481285,0.7251249609217043,10,female,1,0,0,0,0.3427909802030929,0.6491743472987268,0.25077844367684027,0.13291689816423188
13,0.7000000000000001,dpo,allenai/Olmo-3-7B-Instruct-DPO,given,female,scientist,yes,0.22305893546118022,0.5074733428388446,0.831155219175568,10,female,1,0,1,0,0.3427909802030929,-0.6892413746328206,1.1127093907243488,0.31268104012035364
13,0.7000000000000001,rlvr,allenai/Olmo-3-7B-Instruct,given,female,scientist,yes,0.26878433535846635,0.4363922737192313,0.8046569630423857,10,female,1,0,0,1,0.3427909802030929,-0.3277485051821653,0.47620339334898754,0.26955956415528814
13,0.7000000000000001,sft,allenai/Olmo-3-7B-Instruct-SFT,given,female,scientist,yes,0.3035274288996319,0.5434052991116676,0.8164859463383033,10,female,1,1,0,0,0.3427909802030929,-0.05307883348982689,1.4456422487366296,0.2889476803569117
13,1.0,base,allenai/Olmo-3-1025-7B,given,female,scientist,yes,0.22388988355070014,0.4945289679380371,1.6037475388844804,10,female,1,0,0,0,1.3711639208123716,-0.6826721196909317,0.9945607706276098,1.250245792282483
13,1.0,dpo,allenai/Olmo-3-7B-Instruct-DPO,given,female,scientist,yes,0.11074146141212976,0.48356474098619595,1.644055666606873,10,female,1,0,1,0,1.3711639208123716,-1.5771934991554222,0.8952473420565137,1.2881133768127153
13,1.0,rlvr,allenai/Olmo-3-7B-Instruct,given,female,scientist,yes,0.14682557793741433,0.4771941041020173,1.5100447666862358,10,female,1,0,0,1,1.3711639208123716,-1.2919220558521758,0.8378678008536766,1.1591780179992208
13,1.0,sft,allenai/Olmo-3-7B-Instruct-SFT,given,female,scientist,yes,0.16547724480996978,0.4502239062283596,1.7734604431588394,10,female,1,1,0,0,1.3711639208123716,-1.1444669304089103,0.5976567887680446,1.4048587460878703
14,0.2,base,allenai/Olmo-3-1025-7B,given,male,scientist,no,0.5256446115150228,0.23053914952297455,0.1750109246100907,10,male,0,0,0,0,-1.371163920812372,1.7029206302283335,-1.1698667460597678,-1.475954479798884
14,0.2,dpo,allenai/Olmo-3-7B-Instruct-DPO,given,male,scientist,no,0.4234273144483913,0.15702253945141828,0.20945361765933063,10,male,0,0,1,0,-1.371163920812372,0.8948178228803378,-1.6660617980971348,-1.2968392230510564
14,0.2,rlvr,allenai/Olmo-3-7B-Instruct,given,male,scientist,no,0.42482057648494853,0.17227486236130996,0.2053382611249693,10,male,0,0,0,1,-1.371163920812372,0.905832582568019,-1.568168468883027,-1.3169393797138667
14,0.2,sft,allenai/Olmo-3-7B-Instruct-SFT,given,male,scientist,no,0.45514681066251905,0.149299463410236,0.2077938909532932,10,male,0,1,0,0,-1.371163920812372,1.1455837370053399,-1.7145117765730438,-1.3049072343905694
14,0.5,base,allenai/Olmo-3-1025-7B,given,male,scientist,no,0.41076657455952703,0.37413734121400843,0.5281896557669261,10,male,0,0,0,0,-0.34279098020309323,0.7947253753112667,-0.055039416174779775,-0.2661396991533297
14,0.5,dpo,allenai/Olmo-3-7B-Instruct-DPO,given,male,scientist,no,0.26731904433247156,0.47473090025154097,0.595948634949935,10,male,0,0,1,0,-0.34279098020309323,-0.3393327069334242,0.8157467396928745,-0.11710289636279034
14,0.5,rlvr,allenai/Olmo-3-7B-Instruct,given,male,scientist,no,0.2837716240981582,0.4165740055525363,0.5362238572459737,10,male,0,0,0,1,-0.34279098020309323,-0.2092629802011524,0.30430139644545273,-0.24769433887898046
14,0.5,sft,allenai/Olmo-3-7B-Instruct-SFT,given,male,scientist,no,0.30903465552521053,0.39125244263277587,0.548929482909007,10,male,0,1,0,0,-0.34279098020309323,-0.009540162202807194,0.08841369504080841,-0.2189709499604485
14,0.7000000000000001,base,allenai/Olmo-3-1025-7B,given,male,scientist,no,0.3620510757368358,0.36545349392151416,0.8118866537685191,10,male,0,0,0,0,0.3427909802030929,0.40959357776126065,-0.12704018075376663,0.28143618265767156
14,0.7000000000000001,dpo,allenai/Olmo-3-7B-Instruct-DPO,given,male,scientist,no,0.27568011361619976,0.2845618824826334,0.9725472852556232,10,male,0,0,1,0,0.3427909802030929,-0.27323231341384707,-0.7705401637948739,0.5257541497562038
14,0.7000000000000001,rlvr,allenai/Olmo-3-7B-Instruct,given,male,scientist,no,0.23728080557249423,0.4546306793180035,0.8790767130464634,10,male,0,0,0,1,0.3427909802030929,-0.5768070460749081,0.6366023641631274,0.3879445102110219
14,0.7000000000000001,sft,allenai/Olmo-3-7B-Instruct-SFT,given,male,scientist,no,0.28702066675181903,0.3618225451416584,0.8966861318455205,10,male,0,1,0,0,0.3427909802030929,-0.18357691174734467,-0.15698624236360964,0.4147761047048974
14,1.0,base,allenai/Olmo-3-1025-7B,given,male,scientist,no,0.17823010243839937,0.4460727369952896,1.7967844746907553,10,male,0,0,0,0,1.3711639208123716,-1.043646224452213,0.561080283350071,1.4251700698966863
14,1.0,dpo,allenai/Olmo-3-7B-Instruct-DPO,given,male,scientist,no,0.13067737190267406,0.5070003948365822,1.894897968288511,10,male,0,0,1,0,1.3711639208123716,-1.4195854846924145,1.1083756473826931,1.508364976014989
14,1.0,rlvr,allenai/Olmo-3-7B-Instruct,given,male,scientist,no,0.10534322007887661,0.4970405523935248,1.6255800918362908,10,male,0,0,0,1,1.3711639208123716,-1.6198705616617826,1.0174093790426642,1.2708498521216351
14,1.0,sft,allenai/Olmo-3-7B-Instruct-SFT,given,male,scientist,no,0.12620657980084993,0.5642220534952598,1.8403944417783766,10,male,0,1,0,0,1.3711639208123716,-1.454930379854319,1.6417650213512631,1.4625871023275407
15,0.2,base,allenai/Olmo-3-1025-7B,given,female,scientist,no,0.5104767579328537,0.22764992156812497,0.17286646061770422,10,female,1,0,0,0,-1.371163920812372,1.5830076075507313,-1.1904549473485562,-1.4880133300270162
15,0.2,dpo,allenai/Olmo-3-7B-Instruct-DPO,given,female,scientist,no,0.4029505315653509,0.1824759025187464,0.22629641877455203,10,female,1,0,1,0,-1.371163920812372,0.7329338149080492,-1.5011318153360056,-1.2177341289536194
15,0.2,rlvr,allenai/Olmo-3-7B-Instruct,given,female,scientist,no,0.3950710532721726,0.18692176415644923,0.207436689972848,10,female,1,0,0,1,-1.371163920812372,0.6706407518758282,-1.471538507285983,-1.306650351946904
15,0.2,sft,allenai/Olmo-3-7B-Instruct-SFT,given,female,scientist,no,0.4114690738557072,0.1930192421046435,0.21387460371353684,10,female,1,1,0,0,-1.371163920812372,0.8002791482019069,-1.4305886088317437,-1.275595746597114
15,0.5,base,allenai/Olmo-3-1025-7B,given,female,scientist,no,0.4387319802084553,0.3547532330130419,0.5170568432467404,10,female,1,0,0,0,-0.34279098020309323,1.0158124463066291,-0.21501710657379372,-0.2920741241670806
15,0.5,dpo,allenai/Olmo-3-7B-Instruct-DPO,given,female,scientist,no,0.28561921411144947,0.298856870789022,0.6289241587609228,10,female,1,0,1,0,-0.34279098020309323,-0.19465642417379495,-0.6605861727956688,-0.04943869660168276
15,0.5,rlvr,allenai/Olmo-3-7B-Instruct,given,female,scientist,no,0.3090913267289093,0.4522354091452288,0.5530235627022908,10,female,1,0,0,1,-0.34279098020309323,-0.009092134715101976,0.6154188839990149,-0.20982900429204282
15,0.5,sft,allenai/Olmo-3-7B-Instruct-SFT,given,female,scientist,no,0.33640626200914836,0.3544360998000033,0.6350916028519149,10,female,1,1,0,0,-0.34279098020309323,0.2068524902743581,-0.21761189199245437,-0.03710037580160632
15,0.7000000000000001,base,allenai/Olmo-3-1025-7B,given,female,scientist,no,0.31820267351686765,0.498224259668315,0.823898190874606,10,female,1,0,0,0,0.3427909802030929,0.0629397535207088,1.02819058807487,0.3009822302327264
15,0.7000000000000001,dpo,allenai/Olmo-3-7B-Instruct-DPO,given,female,scientist,no,0.24126991481226567,0.3729709291810308,0.9681259129975176,10,female,1,0,1,0,0.3427909802030929,-0.5452702077120644,-0.06474157954304159,0.5194799929935517
15,0.7000000000000001,rlvr,allenai/Olmo-3-7B-Instruct,given,female,scientist,no,0.2850950809776977,0.29092325461277746,0.8989498976368411,10,female,1,0,0,1,0.3427909802030929,-0.1988000815484642,-0.7218205081759957,0.41819472780409406
15,0.7000000000000001,sft,allenai/Olmo-3-7B-Instruct-SFT,given,female,scientist,no,0.2707627710590211,0.39150613437403603,1.0117697938874464,10,female,1,1,0,0,0.3427909802030929,-0.31210751789668084,0.09055524304386414,0.5804352309969935
15,1.0,base,allenai/Olmo-3-1025-7B,given,female,scientist,no,0.23231146108264658,0.4419651627384463,1.622602231343587,10,female,1,0,0,0,1.3711639208123716,-0.6160933640285854,0.5249937412327332,1.2680526572584323
15,1.0,dpo,allenai/Olmo-3-7B-Instruct-DPO,given,female,scientist,no,0.15844649386661042,0.36599844848703733,1.8953627518638965,10,female,1,0,1,0,1.3711639208123716,-1.200050180388507,-0.12253754362087084,1.5087507895612593
15,1.0,rlvr,allenai/Olmo-3-7B-Instruct,given,female,scientist,no,0.15009707462476746,0.461150709729079,1.713271168789205,10,female,1,0,0,1,1.3711639208123716,-1.266058471770546,0.6944433814307114,1.351437440151339
15,1.0,sft,allenai/Olmo-3-7B-Instruct-SFT,given,female,scientist,no,0.13505602041368528,0.5013380923010184,1.7685727008393812,10,female,1,1,0,0,1.3711639208123716,-1.3849690522912355,1.0565900626892502,1.4005752488288266
16,0.2,base,allenai/Olmo-3-1025-7B,given,male,professor,yes,0.515507649065729,0.3436713445300969,0.1790239002468521,10,male,0,0,0,0,-1.371163920812372,1.6227804969208004,-0.30525063866119473,-1.4537029700584698
16,0.2,dpo,allenai/Olmo-3-7B-Instruct-DPO,given,male,professor,yes,0.33120846728458103,0.3767901708818366,0.18308671172510382,10,male,0,0,1,0,-1.371163920812372,0.16576010542873443,-0.03293767892951713,-1.431578487945548
16,0.2,rlvr,allenai/Olmo-3-7B-Instruct,given,male,professor,yes,0.42972790281202344,0.5731051800564183,0.14760992624409872,10,male,0,0,0,1,-1.371163920812372,0.9446286013954092,1.7261608880405985,-1.6399098342830547
16,0.2,sft,allenai/Olmo-3-7B-Instruct-SFT,given,male,professor,yes,0.46567439013024925,0.5423254466215772,0.17102714314669712,10,male,0,1,0,0,-1.371163920812372,1.2288119847343546,1.4355324742385287,-1.4984521079718522
16,0.5,base,allenai/Olmo-3-1025-7B,given,male,professor,yes,0.4480024250692769,0.40355566355996636,0.4973366800490086,10,male,0,0,0,0,-0.34279098020309323,1.0891021216588481,0.19277405166805614,-0.3391320721313022
16,0.5,dpo,allenai/Olmo-3-7B-Instruct-DPO,given,male,professor,yes,0.2600135621106996,0.48987905019720934,0.5693147199831425,10,male,0,0,1,0,-0.34279098020309323,-0.3970879094467178,0.9523560507579288,-0.17397991478415273
16,0.5,rlvr,allenai/Olmo-3-7B-Instruct,given,male,professor,yes,0.2672221139206347,0.5678604617824573,0.4933263968855667,10,male,0,0,0,1,-0.34279098020309323,-0.34009901303004975,1.676281975795871,-0.3488840943096132
16,0.5,sft,allenai/Olmo-3-7B-Instruct-SFT,given,male,professor,yes,0.25595126564673504,0.6559533298633476,0.42050390662003634,10,male,0,1,0,0,-0.34279098020309323,-0.4292033465695532,2.5327006081306815,-0.5380890760530179
16,0.7000000000000001,base,allenai/Olmo-3-1025-7B,given,male,professor,yes,0.3806108254264203,0.435944162917815,0.7727921457948781,10,male,0,0,0,0,0.3427909802030929,0.5563220303640776,0.4722887297161418,0.21617181748526507
16,0.7000000000000001,dpo,allenai/Olmo-3-7B-Instruct-DPO,given,male,professor,yes,0.20257241221328595,0.572039712411939,0.8846423564825182,10,male,0,0,1,0,0.3427909802030929,-0.8512023873431414,1.7160162218464439,0.39647109430973987
16,0.7000000000000001,rlvr,allenai/Olmo-3-7B-Instruct,given,male,professor,yes,0.2416056154554285,0.5547297035578326,0.8131354757776661,10,male,0,0,0,1,0.3427909802030929,-0.5426162475707434,1.5520447018060222,0.2834791047066131
16,0.7000000000000001,sft,allenai/Olmo-3-7B-Instruct-SFT,given,male,professor,yes,0.2505275694621161,0.6048423282584497,0.7154987277573814,10,male,0,1,0,0,0.3427909802030929,-0.4720816483714112,2.0310448509711323,0.11557435527584192
16,1.0,base,allenai/Olmo-3-1025-7B,given,male,professor,yes,0.1679530428569997,0.5364518140338301,1.7317214463551835,10,male,0,0,0,0,1.3711639208123716,-1.1248939284841248,1.3806541861404469,1.3679707462524355
16,1.0,dpo,allenai/Olmo-3-7B-Instruct-DPO,given,male,professor,yes,0.14407332132501613,0.5591105665023307,1.6557795761140681,10,male,0,0,1,0,1.3711639208123716,-1.313680665782658,1.5933921318180198,1.2989877331251378
16,1.0,rlvr,allenai/Olmo-3-7B-Instruct,given,male,professor,yes,0.1715290086500221,0.49755802358831946,1.4079720361592865,10,male,0,0,0,1,1.3711639208123716,-1.096623292503229,1.0221215098654208,1.0546709612932381
16,1.0,sft,allenai/Olmo-3-7B-Instruct-SFT,given,male,professor,yes,0.1189139080889757,0.5831312639854166,1.6040657843686639,10,male,0,1,0,0,1.3711639208123716,-1.5125843058781239,1.8219138231281369,1.2505477395809677
17,0.2,base,allenai/Olmo-3-1025-7B,given,female,professor,yes,0.5207088691914598,0.2129176677520344,0.1777377442780934,10,female,1,0,0,0,-1.371163920812372,1.663899962078425,-1.2941362126468128,-1.4607906710246257
17,0.2,dpo,allenai/Olmo-3-7B-Instruct-DPO,given,female,professor,yes,0.4584595638935092,0.1387257794474369,0.1831461035627628,10,female,1,0,1,0,-1.371163920812372,1.1717734843655077,-1.7795630908658724,-1.4312579922314814
17,0.2,rlvr,allenai/Olmo-3-7B-Instruct,given,female,professor,yes,0.4227656509364338,0.2693483973704867,0.1874258614468785,10,female,1,0,0,1,-1.371163920812372,0.889586886856036,-0.8856525410751679,-1.408379304662304
17,0.2,sft,allenai/Olmo-3-7B-Instruct-SFT,given,female,professor,yes,0.4619026979540465,0.3777536597833925,0.1938035098921353,10,female,1,1,0,0,-1.371163920812372,1.1989939879421374,-0.024898271448089256,-1.3750501623100757
17,0.5,base,allenai/Olmo-3-1025-7B,given,female,professor,yes,0.38349319602225035,0.4663890559390454,0.4994107712337083,10,female,1,0,0,0,-0.34279098020309323,0.5791092868964944,0.7411022022432412,-0.33411308387856
17,0.5,dpo,allenai/Olmo-3-7B-Instruct-DPO,given,female,professor,yes,0.21934224953866868,0.5783687530146359,0.5263251056399273,10,female,1,0,1,0,-0.34279098020309323,-0.7186245065899737,1.7763645197037006,-0.2704525376182978
17,0.5,rlvr,allenai/Olmo-3-7B-Instruct,given,female,professor,yes,0.32334207332075193,0.5375314437637618,0.46306377027108414,10,female,1,0,0,1,-0.34279098020309323,0.10357048362987359,1.3907271459296016,-0.4245983233729321
17,0.5,sft,allenai/Olmo-3-7B-Instruct-SFT,given,female,professor,yes,0.3250929366092239,0.43277492696373027,0.5806927732988864,10,female,1,1,0,0,-0.34279098020309323,0.11741234385607806,0.4446389002342197,-0.14942660569190874
17,0.7000000000000001,base,allenai/Olmo-3-1025-7B,given,female,professor,yes,0.35354480643587816,0.530319492667138,0.7435823381592827,10,female,1,0,0,0,0.3427909802030929,0.34234527146256155,1.3235614459265357,0.16566015479189938
17,0.7000000000000001,dpo,allenai/Olmo-3-7B-Instruct-DPO,given,female,professor,yes,0.2343549428271682,0.422692146414152,0.8592255059772149,10,female,1,0,1,0,0.3427909802030929,-0.5999381399921304,0.357099398886871,0.35717582382171703
17,0.7000000000000001,rlvr,allenai/Olmo-3-7B-Instruct,given,female,professor,yes,0.2448548691080664,0.5517395955154445,0.7600304253810547,10,female,1,0,0,1,0.3427909802030929,-0.5169285110150527,1.5238826968083528,0.19429482864361852
17,0.7000000000000001,sft,allenai/Olmo-3-7B-Instruct-SFT,given,female,professor,yes,0.33306230837576023,0.6067816310587805,0.6697023850080047,10,female,1,1,0,0,0.3427909802030929,0.1804160808179333,2.04984220447193,0.030412650133728243
17,1.0,base,allenai/Olmo-3-1025-7B,given,female,professor,yes,0.19776854905716063,0.5137172721470193,1.616186079782538,10,female,1,0,0,0,1.3711639208123716,-0.8891804538151,1.1700436135635135,1.262011768107045
17,1.0,dpo,allenai/Olmo-3-7B-Instruct-DPO,given,female,professor,yes,0.15610209243773981,0.5040597679805986,1.5633744108366465,10,female,1,0,1,0,1.3711639208123716,-1.2185843955417996,1.0814586591583786,1.2115450419937963
17,1.0,rlvr,allenai/Olmo-3-7B-Instruct,given,female,professor,yes,0.1457095963517882,0.599115511528677,1.3974610550279416,10,female,1,0,0,1,1.3711639208123716,-1.3007447099251481,1.9756471253661152,1.0435679555406887
17,1.0,sft,allenai/Olmo-3-7B-Instruct-SFT,given,female,professor,yes,0.1259788407155637,0.5394000607220136,1.6714372008405622,10,female,1,1,0,0,1.3711639208123716,-1.4567308245876862,1.4081764933801437,1.313414972188555
18,0.2,base,allenai/Olmo-3-1025-7B,given,male,professor,no,0.5307885754864748,0.35487979004027714,0.17413229831830362,10,male,0,0,0,0,-1.371163920812372,1.7435874434342984,-0.2139814114673987,-1.4808808209078688
18,0.2,dpo,allenai/Olmo-3-7B-Instruct-DPO,given,male,professor,no,0.3811261676115932,0.19537222861217948,0.21269425958046684,10,male,0,0,1,0,-1.371163920812372,0.560396188833672,-1.4146757572911524,-1.281232792420886
18,0.2,rlvr,allenai/Olmo-3-7B-Instruct,given,male,professor,no,0.30824709666276684,0.5792324299369062,0.177920932009416,10,male,0,0,0,1,-1.371163920812372,-0.0157663934372105,1.7846160657248422,-1.459778662944714
18,0.2,sft,allenai/Olmo-3-7B-Instruct-SFT,given,male,professor,no,0.43435871786025215,0.25269654102114986,0.2149548594983103,10,male,0,1,0,0,-1.371163920812372,0.9812385954783439,-1.0093073307276934,-1.2704584970698427
18,0.5,base,allenai/Olmo-3-1025-7B,given,male,professor,no,0.4568880745832419,0.37899001984906217,0.526244270716954,10,male,0,0,0,0,-0.34279098020309323,1.159349707179181,-0.014572505314228728,-0.2706397912283904
18,0.5,dpo,allenai/Olmo-3-7B-Instruct-DPO,given,male,professor,no,0.28809749843398397,0.5903008338839102,0.5625086044965631,10,male,0,0,1,0,-0.34279098020309323,-0.1750637664150874,1.8907066023064891,-0.1888556913667185
18,0.5,rlvr,allenai/Olmo-3-7B-Instruct,given,male,professor,no,0.21137302956173495,0.4974041982804845,0.570182727950444,10,male,0,0,0,1,-0.34279098020309323,-0.7816270435435376,1.020720603257063,-0.17209301189222254
18,0.5,sft,allenai/Olmo-3-7B-Instruct-SFT,given,male,professor,no,0.30455499070615755,0.5247222173942354,0.5451837313316513,10,male,0,1,0,0,-0.34279098020309323,-0.04495520271101992,1.27163201403649,-0.22738305957319763
18,0.7000000000000001,base,allenai/Olmo-3-1025-7B,given,male,professor,no,0.3386481028514112,0.4128311307390353,0.8901224125437436,10,male,0,0,0,0,0.3427909802030929,0.22457588866434958,0.27212185371505454,0.40482467688698687
18,0.7000000000000001,dpo,allenai/Olmo-3-7B-Instruct-DPO,given,male,professor,no,0.21037547796045897,0.4968942173495455,0.9778107810940343,10,male,0,0,1,0,0.3427909802030929,-0.7895134216086916,1.0160771227749938,0.5331936029879712
18,0.7000000000000001,rlvr,allenai/Olmo-3-7B-Instruct,given,male,professor,no,0.2167471507205088,0.526819906776764,0.9073260226636537,10,male,0,0,0,1,0.3427909802030929,-0.7391406687316262,1.29107316372897,0.43078426334519226
18,0.7000000000000001,sft,allenai/Olmo-3-7B-Instruct-SFT,given,male,professor,no,0.26058109188129924,0.5932663613882068,0.6089576033654444,10,male,0,1,0,0,0.3427909802030929,-0.3926011697848758,1.919238709928684,-0.09005932330203281
18,1.0,base,allenai/Olmo-3-1025-7B,given,male,professor,no,0.15792657890965148,0.5016502284694633,2.1110405597686763,10,male,0,0,0,0,1.3711639208123716,-1.2041604899775666,1.059439961362615,1.680123637027485
18,1.0,dpo,allenai/Olmo-3-7B-Instruct-DPO,given,male,professor,no,0.11665418221621215,0.5668883894995266,1.8623595409647868,10,male,0,0,1,0,1.3711639208123716,-1.5304490985699788,1.6670532236709446,1.481164689635783
18,1.0,rlvr,allenai/Olmo-3-7B-Instruct,given,male,professor,no,0.13073025225690388,0.5374757498046878,1.6258394171493122,10,male,0,0,0,1,1.3711639208123716,-1.4191674266539709,1.3902073638430115,1.2710932499324663
18,1.0,sft,allenai/Olmo-3-7B-Instruct-SFT,given,male,professor,no,0.14355982896649894,0.5902593126651713,1.642177050421635,10,male,0,1,0,0,1.3711639208123716,-1.3177402000139242,1.8903074372157547,1.286365121456773
19,0.2,base,allenai/Olmo-3-1025-7B,given,female,professor,no,0.580799914874336,0.2589878110100806,0.17285155506895772,10,female,1,0,0,0,-1.371163920812372,2.1389638123889525,-0.9628829772986484,-1.488097565935009
19,0.2,dpo,allenai/Olmo-3-7B-Instruct-DPO,given,female,professor,no,0.4062550193535786,0.18011247452802048,0.22824835467207252,10,female,1,0,1,0,-1.371163920812372,0.7590582178725817,-1.5167713968179328,-1.2088745856962997
19,0.2,rlvr,allenai/Olmo-3-7B-Instruct,given,female,professor,no,0.3887738991097394,0.24221921129357918,0.20783929901256273,10,female,1,0,0,1,-1.371163920812372,0.6208571232435016,-1.0858097616164013,-1.3046858180050942
19,0.2,sft,allenai/Olmo-3-7B-Instruct-SFT,given,female,professor,no,0.4149937285755944,0.31037967213739204,0.23031015472149602,10,female,1,1,0,0,-1.371163920812372,0.828144132463979,-0.5707318987436144,-1.1995820522638938
19,0.5,base,allenai/Olmo-3-1025-7B,given,female,professor,no,0.4434246054149525,0.3625098309655548,0.5068957291499893,10,female,1,0,0,0,-0.34279098020309323,1.0529110950874752,-0.15132515195964968,-0.3161383420454174
19,0.5,dpo,allenai/Olmo-3-7B-Instruct-DPO,given,female,professor,no,0.297125245315307,0.42743390031364914,0.6125018702320673,10,female,1,0,1,0,-0.34279098020309323,-0.10369279684162383,0.39818634947442816,-0.08277163789043177
19,0.5,rlvr,allenai/Olmo-3-7B-Instruct,given,female,professor,no,0.3060980576376862,0.5239149576545917,0.5162436014546008,10,female,1,0,0,1,-0.34279098020309323,-0.03275612530358924,1.2641569656916236,-0.29398608253516184
19,0.5,sft,allenai/Olmo-3-7B-Instruct-SFT,given,female,professor,no,0.34119623246287045,0.5622657026346001,0.510153822571681,10,female,1,1,0,0,-0.34279098020309323,0.24472072473025022,1.6232345197483746,-0.30838055354188754
19,0.7000000000000001,base,allenai/Olmo-3-1025-7B,given,female,professor,no,0.35221995954715934,0.41863238041557727,0.8191273213103409,10,female,1,0,0,0,0.3427909802030929,0.3318713837664113,0.3220374489042365,0.29324622612740625
19,0.7000000000000001,dpo,allenai/Olmo-3-7B-Instruct-DPO,given,female,professor,no,0.18771958149485357,0.4711213555776566,0.9780885050015442,10,female,1,0,1,0,0.3427909802030929,-0.968624922912691,0.7833964221422112,0.5335852477035467
19,0.7000000000000001,rlvr,allenai/Olmo-3-7B-Instruct,given,female,professor,no,0.2207807060151594,0.46238116893803316,0.9020478814834405,10,female,1,0,0,1,0.3427909802030929,-0.7072524516613219,0.7053882930052798,0.4228619857403258
19,0.7000000000000001,sft,allenai/Olmo-3-7B-Instruct-SFT,given,female,professor,no,0.2512646318660448,0.5008768396894917,0.8391567095099741,10,female,1,1,0,0,0.3427909802030929,-0.46625462872896056,1.0523797129614172,0.32548551002201664
19,1.0,base,allenai/Olmo-3-1025-7B,given,female,professor,no,0.2272223163692572,0.43240915021194165,1.6142052275339758,10,female,1,0,0,0,1.3711639208123716,-0.6563267907372702,0.4414518131533483,1.2601428896261608
19,1.0,dpo,allenai/Olmo-3-7B-Instruct-DPO,given,female,professor,no,0.12602794266598372,0.4252521986428149,1.9719328219319379,10,female,1,0,1,0,1.3711639208123716,-1.456342637606428,0.37926405510139277,1.571300760387362
19,1.0,rlvr,allenai/Olmo-3-7B-Instruct,given,female,professor,no,0.11488635959889444,0.49247502826296863,1.6606062400738395,10,female,1,0,0,1,1.3711639208123716,-1.5444250347465782,0.9759027494723614,1.3034467242624488
19,1.0,sft,allenai/Olmo-3-7B-Instruct-SFT,given,female,professor,no,0.08797256199608487,0.534516255295689,2.029463093164066,10,female,1,1,0,0,1.3711639208123716,-1.7571983717782622,1.3626114544609378,1.6170292279099379
20,0.2,base,allenai/Olmo-3-1025-7B,given,male,doctor,yes,0.5282571693866829,0.18759905334171134,0.17133849247449923,10,male,0,0,0,0,-1.371163920812372,1.7235748190107993,-1.4670105069888906,-1.4966787879378787
20,0.2,dpo,allenai/Olmo-3-7B-Instruct-DPO,given,male,doctor,yes,0.4321082005643954,0.17215304651997956,0.1885433320177074,10,male,0,0,1,0,-1.371163920812372,0.9634466033502255,-1.5689615672017694,-1.4024745099371216
20,0.2,rlvr,allenai/Olmo-3-7B-Instruct,given,male,doctor,yes,0.3602886621379387,0.4651304985994271,0.17049427625728902,10,male,0,0,0,1,-1.371163920812372,0.39566040384795853,0.7298768151981101,-1.5014931117887118
20,0.2,sft,allenai/Olmo-3-7B-Instruct-SFT,given,male,doctor,yes,0.31599798263274426,0.4474355229700903,0.187657243763041,10,male,0,1,0,0,-1.371163920812372,0.04551005283479374,0.5730761492746281,-1.4071543532947899
20,0.5,base,allenai/Olmo-3-1025-7B,given,male,doctor,yes,0.45914061560717767,0.28443435210637424,0.495891029584587,10,male,0,0,0,0,-0.34279098020309323,1.1771576983641021,-0.7715133834837055,-0.3426402533657775
20,0.5,dpo,allenai/Olmo-3-7B-Instruct-DPO,given,male,doctor,yes,0.2837089851634392,0.5682813394624513,0.4989970682619592,10,male,0,0,1,0,-0.34279098020309323,-0.2097581869856043,1.6802792955316375,-0.33511284793927143
20,0.5,rlvr,allenai/Olmo-3-7B-Instruct,given,male,doctor,yes,0.27832251173134415,0.5178455748523358,0.48449105827785843,10,male,0,0,0,1,-0.34279098020309323,-0.25234221559031245,1.2080727415549117,-0.3705956034359721
20,0.5,sft,allenai/Olmo-3-7B-Instruct-SFT,given,male,doctor,yes,0.35077383501590514,0.6109331137779179,0.4520100579199068,10,male,0,1,0,0,-0.34279098020309323,0.3204387072330106,2.090145741171064,-0.45324356559328155
20,0.7000000000000001,base,allenai/Olmo-3-1025-7B,given,male,doctor,yes,0.3686177471558865,0.37412258494967915,0.7934695677241927,10,male,0,0,0,0,0.3427909802030929,0.461507938255528,-0.05516221796418986,0.2510118152143171
20,0.7000000000000001,dpo,allenai/Olmo-3-7B-Instruct-DPO,given,male,doctor,yes,0.2145198066996655,0.45481692329126455,0.9213194080147856,10,male,0,0,1,0,0.3427909802030929,-0.7567494591010285,0.6382509657602518,0.45161052959489806
20,0.7000000000000001,rlvr,allenai/Olmo-3-7B-Instruct,given,male,doctor,yes,0.23760370652616944,0.41656551055750035,0.7991854861210739,10,male,0,0,0,1,0.3427909802030929,-0.5742542768797865,0.30422825639199264,0.26051430796326513
20,0.7000000000000001,sft,allenai/Olmo-3-7B-Instruct-SFT,given,male,doctor,yes,0.3022768849285513,0.5312949860655055,0.7091409100951716,10,male,0,1,0,0,0.3427909802030929,-0.06296530204987492,1.3326295188596922,0.1040174043116869
20,1.0,base,allenai/Olmo-3-1025-7B,given,male,doctor,yes,0.21991424840622173,0.45124816263451667,1.5901608082453405,10,male,0,0,0,0,1.3711639208123716,-0.7141024354343631,0.6066981096166989,1.2373098820092225
20,1.0,dpo,allenai/Olmo-3-7B-Instruct-DPO,given,male,doctor,yes,0.13894105408497479,0.46599837356714957,1.640420497536659,10,male,0,0,1,0,1.3711639208123716,-1.354255007736095,0.7376165816475748,1.2847290093250736
20,1.0,rlvr,allenai/Olmo-3-7B-Instruct,given,male,doctor,yes,0.12684847758012605,0.5369163877807157,1.3891623999119422,10,male,0,0,0,1,1.3711639208123716,-1.4498557064639108,1.384987880028301,1.034754529219094
20,1.0,sft,allenai/Olmo-3-7B-Instruct-SFT,given,male,doctor,yes,0.09517702155694553,0.5480278559749238,1.825218256011605,10,male,0,1,0,0,1.3711639208123716,-1.700241827596102,1.4889912198694613,1.4496474085068596
21,0.2,base,allenai/Olmo-3-1025-7B,given,female,doctor,yes,0.5156462298310489,0.3615861718793299,0.1743101339193816,10,female,1,0,0,0,-1.371163920812372,1.6238760796520328,-0.15893243462601667,-1.4798821156975335
21,0.2,dpo,allenai/Olmo-3-7B-Instruct-DPO,given,female,doctor,yes,0.4691454239970525,0.25527442558804064,0.1932475889899356,10,female,1,0,1,0,-1.371163920812372,1.2562530567706778,-0.9903283804404727,-1.377920118397457
21,0.2,rlvr,allenai/Olmo-3-7B-Instruct,given,female,doctor,yes,0.44814198132117017,0.25844241575163607,0.18223692265332272,10,female,1,0,0,1,-1.371163920812372,1.0902054163278943,-0.966921807314779,-1.4361733434788717
21,0.2,sft,allenai/Olmo-3-7B-Instruct-SFT,given,female,doctor,yes,0.4441416283603744,0.16272384829727166,0.2099123041227263,10,female,1,1,0,0,-1.371163920812372,1.0585796880923428,-1.6298061106597308,-1.294618560572608
21,0.5,base,allenai/Olmo-3-1025-7B,given,female,doctor,yes,0.41436512078748666,0.3257615981013636,0.5147872375993425,10,female,1,0,0,0,-0.34279098020309323,0.8231745262146614,-0.4491341599019598,-0.29741607941316595
21,0.5,dpo,allenai/Olmo-3-7B-Instruct-DPO,given,female,doctor,yes,0.2837413256738672,0.5424625220357399,0.4617327990118943,10,female,1,0,1,0,-0.34279098020309323,-0.2095025114980115,1.436815446463269,-0.42801828501455996
21,0.5,rlvr,allenai/Olmo-3-7B-Instruct,given,female,doctor,yes,0.2895981113850799,0.45510306619146085,0.4948920567731553,10,female,1,0,0,1,-0.34279098020309323,-0.16320031890352868,0.6407842726984375,-0.34506926483175354
21,0.5,sft,allenai/Olmo-3-7B-Instruct-SFT,given,female,doctor,yes,0.37605982723003584,0.3051660758286285,0.571858250218473,10,female,1,1,0,0,-0.34279098020309323,0.5203430471168822,-0.611520437165907,-0.16845720715769544
21,0.7000000000000001,base,allenai/Olmo-3-1025-7B,given,female,doctor,yes,0.38580478557383796,0.43694081196541695,0.8193699306994674,10,female,1,0,0,0,0.3427909802030929,0.5973841000610077,0.48099711532757405,0.2936404890834084
21,0.7000000000000001,dpo,allenai/Olmo-3-7B-Instruct-DPO,given,female,doctor,yes,0.20359203110652074,0.4591334227912673,0.8312620122253105,10,female,1,0,1,0,0.3427909802030929,-0.8431415511276134,0.6765196420727934,0.3128525856714649
21,0.7000000000000001,rlvr,allenai/Olmo-3-7B-Instruct,given,female,doctor,yes,0.27409537898456904,0.39382345023784787,0.7790890921352848,10,female,1,0,0,1,0.3427909802030929,-0.28576080459364794,0.11013724754859817,0.22686000392126754
21,0.7000000000000001,sft,allenai/Olmo-3-7B-Instruct-SFT,given,female,doctor,yes,0.2983770606747728,0.41600683873447053,0.8297283856058988,10,female,1,1,0,0,0.3427909802030929,-0.09379627702261255,0.2994192502034201,0.3103873700734578
21,1.0,base,allenai/Olmo-3-1025-7B,given,female,doctor,yes,0.21763505948125164,0.4497553151497814,1.847852517445882,10,female,1,0,0,0,1.3711639208123716,-0.7321210978486528,0.5935226076657216,1.4689147941194138
21,1.0,dpo,allenai/Olmo-3-7B-Instruct-DPO,given,female,doctor,yes,0.14020636011600235,0.39654575930680735,1.6678048090340258,10,female,1,0,1,0,1.3711639208123716,-1.344251834250093,0.13318816462515803,1.3100776909752767
21,1.0,rlvr,allenai/Olmo-3-7B-Instruct,given,female,doctor,yes,0.1741190997028874,0.42709979532282877,1.4000744425446414,10,female,1,0,0,1,1.3711639208123716,-1.0761467204242103,0.39528661059126363,1.046334772615625
21,1.0,sft,allenai/Olmo-3-7B-Instruct-SFT,given,female,doctor,yes,0.126879244267531,0.46046451596126636,1.6858382232238847,10,female,1,1,0,0,1.3711639208123716,-1.4496124732032178,0.688343710973763,1.326589091233499
22,0.2,base,allenai/Olmo-3-1025-7B,given,male,doctor,no,0.5303601989115706,0.2988825883516527,0.18879035060784194,10,male,0,0,0,0,-1.371163920812372,1.7402008119862316,-0.6603868310068315,-1.401173030805665
22,0.2,dpo,allenai/Olmo-3-7B-Instruct-DPO,given,male,doctor,no,0.3955181342646595,0.1477679925309783,0.22685396936492772,10,male,0,0,1,0,-1.371163920812372,0.6741752554824443,-1.7240267244093492,-1.2151972653929999
22,0.2,rlvr,allenai/Olmo-3-7B-Instruct,given,male,doctor,no,0.36953900694346675,0.2394504776848905,0.2022766087838474,10,male,0,0,0,1,-1.371163920812372,0.46879117350048966,-1.1058537775114157,-1.3321034366004059
22,0.2,sft,allenai/Olmo-3-7B-Instruct-SFT,given,male,doctor,no,0.44950544430312783,0.14325963618462936,0.20925291064633939,10,male,0,1,0,0,-1.371163920812372,1.1009845926028923,-1.7518552500181472,-1.2978121416386392
22,0.5,base,allenai/Olmo-3-1025-7B,given,male,doctor,no,0.4372891961037845,0.2816137904064954,0.5317282796493996,10,male,0,0,0,0,-0.34279098020309323,1.0044061782987646,-0.7930025071414523,-0.2579880320563036
22,0.5,dpo,allenai/Olmo-3-7B-Instruct-DPO,given,male,doctor,no,0.2913625702174174,0.4468116862023185,0.5825382034381701,10,male,0,0,1,0,-0.34279098020309323,-0.14925097591774775,0.5675834157392482,-0.1454806482168255
22,0.5,rlvr,allenai/Olmo-3-7B-Instruct,given,male,doctor,no,0.2980590847363866,0.495339150127929,0.503275178853435,10,male,0,0,0,1,-0.34279098020309323,-0.09631011035467105,1.0019272297793518,-0.32480616595620315
22,0.5,sft,allenai/Olmo-3-7B-Instruct-SFT,given,male,doctor,no,0.3033984331103273,0.4644173902950126,0.5669710069134357,10,male,0,1,0,0,-0.34279098020309323,-0.05409863994592166,0.7235206862804258,-0.17908628812047223
22,0.7000000000000001,base,allenai/Olmo-3-1025-7B,given,male,doctor,no,0.37433574266360503,0.3776931700554886,0.8701173663977532,10,male,0,0,0,0,0.3427909802030929,0.5067128923561875,-0.025403192313894672,0.3741274850829397
22,0.7000000000000001,dpo,allenai/Olmo-3-7B-Instruct-DPO,given,male,doctor,no,0.24670305767031192,0.4580632454423533,0.9438041460600086,10,male,0,0,1,0,0.3427909802030929,-0.5023172230186043,0.6670211424761001,0.484549820904531
22,0.7000000000000001,rlvr,allenai/Olmo-3-7B-Instruct,given,male,doctor,no,0.2306643879073786,0.4302255914833641,0.8405638162775932,10,male,0,0,0,1,0.3427909802030929,-0.6291146871807131,0.4224437814124068,0.3277271269216632
22,0.7000000000000001,sft,allenai/Olmo-3-7B-Instruct-SFT,given,male,doctor,no,0.18049520952231246,0.4750308623616492,0.8930110830214784,10,male,0,1,0,0,0.3427909802030929,-1.0257388893339616,0.8184386433108026,0.40921148371290716
22,1.0,base,allenai/Olmo-3-1025-7B,given,male,doctor,no,0.23057428190999715,0.45599161819641076,1.6838594525655108,10,male,0,0,0,0,1.3711639208123716,-0.6298270412688413,0.6486540953360452,1.324784258252496
22,1.0,dpo,allenai/Olmo-3-7B-Instruct-DPO,given,male,doctor,no,0.13709283996878002,0.5036061868572937,1.8621152648136967,10,male,0,0,1,0,1.3711639208123716,-1.3688664977552802,1.0773112240125953,1.4809590538055881
22,1.0,rlvr,allenai/Olmo-3-7B-Instruct,given,male,doctor,no,0.1264248201476656,0.4631229238827483,1.656141855401297,10,male,0,0,0,1,1.3711639208123716,-1.4532050296249601,0.7119906440765443,1.2993227768190259
22,1.0,sft,allenai/Olmo-3-7B-Instruct-SFT,given,male,doctor,no,0.10406095548047546,0.4999092896040488,1.7218491592158873,10,male,0,1,0,0,1.3711639208123716,-1.6300078050781828,1.0435518262261336,1.3591418320240036
23,0.2,base,allenai/Olmo-3-1025-7B,given,female,doctor,no,0.5017137159408438,0.26573535938345044,0.1859748276906031,10,female,1,0,0,0,-1.371163920812372,1.5137293245411982,-0.9126937231714759,-1.4160889010972915
23,0.2,dpo,allenai/Olmo-3-7B-Instruct-DPO,given,female,doctor,no,0.37318760665778294,0.264413797547321,0.22892840079238233,10,female,1,0,1,0,-1.371163920812372,0.49763603397558154,-0.9225557968074262,-1.2058022129176793
23,0.2,rlvr,allenai/Olmo-3-7B-Instruct,given,female,doctor,no,0.42517682179897714,0.1926272016017103,0.2021175947871185,10,female,1,0,0,1,-1.371163920812372,0.9086489634216767,-1.433233973282818,-1.3328960266480023
23,0.2,sft,allenai/Olmo-3-7B-Instruct-SFT,given,female,doctor,no,0.45520057559387955,0.172009230674264,0.20635498204071262,10,female,1,1,0,0,-1.371163920812372,1.1460087882756838,-1.5698976709636987,-1.3119437225043362
23,0.5,base,allenai/Olmo-3-1025-7B,given,female,doctor,no,0.4558896789083632,0.297857168810837,0.522569442211098,10,female,1,0,0,0,-0.34279098020309323,1.1514566560922632,-0.6683308467448555,-0.2791769432855173
23,0.5,dpo,allenai/Olmo-3-7B-Instruct-DPO,given,female,doctor,no,0.2699124283093261,0.3128503589849606,0.6496092274947586,10,female,1,0,1,0,-0.34279098020309323,-0.31883010187176475,-0.5513264369737039,-0.008431516172248485
23,0.5,rlvr,allenai/Olmo-3-7B-Instruct,given,female,doctor,no,0.23989489293242652,0.47754343957478723,0.5176006737870076,10,female,1,0,0,1,-0.34279098020309323,-0.5561407655643095,0.8410079751693812,-0.29079690415309906
23,0.5,sft,allenai/Olmo-3-7B-Instruct-SFT,given,female,doctor,no,0.26876234086663764,0.4418936172185941,0.6222190382718185,10,female,1,1,0,0,-0.34279098020309323,-0.32792238779404254,0.5243661245415283,-0.06296312331670008
23,0.7000000000000001,base,allenai/Olmo-3-1025-7B,given,female,doctor,no,0.36769125082066306,0.4451987126932729,0.8688284104689951,10,female,1,0,0,0,0.3427909802030929,0.45418330425543646,0.5533928197007185,0.37213030248419116
23,0.7000000000000001,dpo,allenai/Olmo-3-7B-Instruct-DPO,given,female,doctor,no,0.20298338751746872,0.38306230770067534,0.957113682104667,10,female,1,0,1,0,0.3427909802030929,-0.8479533257205835,0.019513483814383045,0.503752694980559
23,0.7000000000000001,rlvr,allenai/Olmo-3-7B-Instruct,given,female,doctor,no,0.22875721209855834,0.3831735687449679,0.884464695643876,10,female,1,0,0,1,0.3427909802030929,-0.6441923126848309,0.020446379877462513,0.39619958217135764
23,0.7000000000000001,sft,allenai/Olmo-3-7B-Instruct-SFT,given,female,doctor,no,0.2050035714910065,0.4157840758971123,0.9586124467848997,10,female,1,1,0,0,0.3427909802030929,-0.8319822876749273,0.2975022935517848,0.5059016741104572
23,1.0,base,allenai/Olmo-3-1025-7B,given,female,doctor,no,0.2274162874209613,0.45192692988083993,1.7089919420878086,10,female,1,0,0,0,1.3711639208123716,-0.654793307110481,0.6126933059383965,1.3475824601569413
23,1.0,dpo,allenai/Olmo-3-7B-Instruct-DPO,given,female,doctor,no,0.1390425101335947,0.5293771406395239,1.9686882221621147,10,female,1,0,1,0,1.3711639208123716,-1.3534529231568213,1.3148064611582118,1.5686900774529815
23,1.0,rlvr,allenai/Olmo-3-7B-Instruct,given,female,doctor,no,0.1552262388911668,0.4007968694714128,1.5678312183925875,10,female,1,0,0,1,1.3711639208123716,-1.2255086611027446,0.16928422903331317,1.2158562774143273
23,1.0,sft,allenai/Olmo-3-7B-Instruct-SFT,given,female,doctor,no,0.09529119111824724,0.5540297962518116,1.8769916656781476,10,female,1,1,0,0,1.3711639208123716,-1.6993392333615718,1.5454483861728427,1.4934430384579007
24,0.2,base,allenai/Olmo-3-1025-7B,given,male,teacher,yes,0.5100845585617261,0.257753338175975,0.18860322475522323,10,male,0,0,0,0,-1.371163920812372,1.5799069834690576,-0.9720207968801658,-1.4021588247135603
24,0.2,dpo,allenai/Olmo-3-7B-Instruct-DPO,given,male,teacher,yes,0.35837094645892315,0.3931587580308233,0.1770291200348571,10,male,0,0,1,0,-1.371163920812372,0.38049945292888326,0.10451666328547603,-1.4647133014642568
24,0.2,rlvr,allenai/Olmo-3-7B-Instruct,given,male,teacher,yes,0.38671845665636234,0.39718924475964046,0.1660543473561677,10,male,0,0,0,1,-1.371163920812372,0.6046073410189382,0.13864415467855293,-1.5271317404486426
24,0.2,sft,allenai/Olmo-3-7B-Instruct-SFT,given,male,teacher,yes,0.554906101338957,0.48567257853739093,0.1382066964828888,10,male,0,1,0,0,-1.371163920812372,1.9342541985430182,0.9142852484733095,-1.7018156797304627
24,0.5,base,allenai/Olmo-3-1025-7B,given,male,teacher,yes,0.45360909070767474,0.4326364628051075,0.5089681719220575,10,male,0,0,0,0,-0.34279098020309323,1.1334269313757144,0.4434323336328703,-0.3111990796432851
24,0.5,dpo,allenai/Olmo-3-7B-Instruct-DPO,given,male,teacher,yes,0.3088548694784905,0.4747390714758999,0.4689408155253146,10,male,0,0,1,0,-0.34279098020309323,-0.010961502946945142,0.815820062321014,-0.40959060732339486
24,0.5,rlvr,allenai/Olmo-3-7B-Instruct,given,male,teacher,yes,0.3039433274591791,0.4067419338007813,0.5102135708320433,10,male,0,0,0,1,-0.34279098020309323,-0.04979084991770205,0.21996690720180762,-0.3082386590359379
24,0.5,sft,allenai/Olmo-3-7B-Instruct-SFT,given,male,teacher,yes,0.3745185954432228,0.5215680151085256,0.34244801038386274,10,male,0,1,0,0,-0.34279098020309323,0.5081584778762603,1.24244549776206,-0.7726634561520295
24,0.7000000000000001,base,allenai/Olmo-3-1025-7B,given,male,teacher,yes,0.3953735870357552,0.42491586548137755,0.7715495174688594,10,male,0,0,0,0,0.3427909802030929,0.6730325034744766,0.3763497040448668,0.21405439330936396
24,0.7000000000000001,dpo,allenai/Olmo-3-7B-Instruct-DPO,given,male,teacher,yes,0.26539419211181453,0.38185331737670286,0.8359233712894586,10,male,0,0,1,0,0.3427909802030929,-0.35455007745564615,0.009381932157618142,0.3203231512184913
24,0.7000000000000001,rlvr,allenai/Olmo-3-7B-Instruct,given,male,teacher,yes,0.2671439784631608,0.454441559594536,0.8277840533158931,10,male,0,0,0,1,0.3427909802030929,-0.34071673120838253,0.6349285255209324,0.30725671655771813
24,0.7000000000000001,sft,allenai/Olmo-3-7B-Instruct-SFT,given,male,teacher,yes,0.2625563101869006,0.551770334714499,0.6977454789323441,10,male,0,1,0,0,0.3427909802030929,-0.3769856183695304,1.524171965455773,0.08309396331611418
24,1.0,base,allenai/Olmo-3-1025-7B,given,male,teacher,yes,0.24856602696354063,0.4197537750329077,1.666454027811686,10,male,0,0,0,0,1.3711639208123716,-0.4875890824879476,0.33171160623191587,1.3088351676323533
24,1.0,dpo,allenai/Olmo-3-7B-Instruct-DPO,given,male,teacher,yes,0.16901791940582161,0.47070098180120823,1.5295447332956436,10,male,0,0,1,0,1.3711639208123716,-1.1164752972614551,0.7796339325958952,1.1784953142495926
24,1.0,rlvr,allenai/Olmo-3-7B-Instruct,given,male,teacher,yes,0.1682824447995541,0.3867209975032414,1.4015395247247064,10,male,0,0,0,1,1.3711639208123716,-1.1222897641972276,0.05023552179982875,1.047884059199505
24,1.0,sft,allenai/Olmo-3-7B-Instruct-SFT,given,male,teacher,yes,0.14349517045598217,0.537012778242411,1.6518409636728464,10,male,0,1,0,0,1.3711639208123716,-1.3182513730283454,1.3858871900242593,1.2953414247669883
25,0.2,base,allenai/Olmo-3-1025-7B,given,female,teacher,yes,0.5886675091682163,0.20056476039723986,0.15820649302152562,10,female,1,0,0,0,-1.371163920812372,2.201162923678457,-1.3793452883777342,-1.5738247545152417
25,0.2,dpo,allenai/Olmo-3-7B-Instruct-DPO,given,female,teacher,yes,0.41502006312391027,0.12123560340455504,0.199281212243541,10,female,1,0,1,0,-1.371163920812372,0.8283523264099645,-1.883720072537319,-1.3471183204224666
25,0.2,rlvr,allenai/Olmo-3-7B-Instruct,given,female,teacher,yes,0.5165872645795373,0.33027931412260586,0.14981701068304681,10,female,1,0,0,1,-1.371163920812372,1.6313156504867985,-0.413070115625009,-1.6258391806172408
25,0.2,sft,allenai/Olmo-3-7B-Instruct-SFT,given,female,teacher,yes,0.404490009844523,0.28960238850464315,0.20847700728768323,10,female,1,1,0,0,-1.371163920812372,0.7451045213828966,-0.7319645785951516,-1.3015803445512801
25,0.5,base,allenai/Olmo-3-1025-7B,given,female,teacher,yes,0.4720719042426431,0.36093061424415207,0.4510605279253716,10,female,1,0,0,0,-0.34279098020309323,1.279389032481018,-0.164327897974794,-0.45573031101948
25,0.5,dpo,allenai/Olmo-3-7B-Instruct-DPO,given,female,teacher,yes,0.2726546680910555,0.3798853129952404,0.5395042297075641,10,female,1,0,1,0,-0.34279098020309323,-0.2971506823446338,-0.0070885860450511425,-0.2402266847112088
25,0.5,rlvr,allenai/Olmo-3-7B-Instruct,given,female,teacher,yes,0.285742630251912,0.3664248324388358,0.4913355247468398,10,female,1,0,0,1,-0.34279098020309323,-0.19368072893979943,-0.11901310582905451,-0.3537490119771191
25,0.5,sft,allenai/Olmo-3-7B-Instruct-SFT,given,female,teacher,yes,0.28188791509583644,0.3953219458807308,0.5023359492239536,10,female,1,1,0,0,-0.34279098020309323,-0.2241550833645791,0.1228194147332222,-0.3270628973492652
25,0.7000000000000001,base,allenai/Olmo-3-1025-7B,given,female,teacher,yes,0.3352059444143652,0.44872901044911173,0.760151765512509,10,female,1,0,0,0,0.3427909802030929,0.19736309810796981,0.5844727163130827,0.1945042187813907
25,0.7000000000000001,dpo,allenai/Olmo-3-7B-Instruct-DPO,given,female,teacher,yes,0.2645871122294301,0.32873968018205224,0.7952213267788186,10,female,1,0,1,0,0.3427909802030929,-0.3609306366899977,-0.4253783554990367,0.25392985791156847
25,0.7000000000000001,rlvr,allenai/Olmo-3-7B-Instruct,given,female,teacher,yes,0.24415194803377996,0.39788619415099963,0.8087792626506,10,female,1,0,0,1,0.3427909802030929,-0.5224856183714002,0.14455661067400316,0.2763419202449056
25,0.7000000000000001,sft,allenai/Olmo-3-7B-Instruct-SFT,given,female,teacher,yes,0.2826046017442461,0.43144012540964083,0.8416451225042405,10,female,1,1,0,0,0.3427909802030929,-0.21848914903458835,0.4330126271073984,0.3294476798216706
25,1.0,base,allenai/Olmo-3-1025-7B,given,female,teacher,yes,0.21844900250548857,0.4822413573704774,1.5817407916386919,10,female,1,0,0,0,1.3711639208123716,-0.7256862804372862,0.8833079952490025,1.22924869320754
25,1.0,dpo,allenai/Olmo-3-7B-Instruct-DPO,given,female,teacher,yes,0.13683295320999844,0.4469484721267052,1.693146111313253,10,female,1,0,1,0,1.3711639208123716,-1.3709210934586578,0.5687875755386911,1.3332399309443965
25,1.0,rlvr,allenai/Olmo-3-7B-Instruct,given,female,teacher,yes,0.1631288614699208,0.5145253324042667,1.4571582667253289,10,female,1,0,0,1,1.3711639208123716,-1.163032625494604,1.1774797245115758,1.105762058339965
25,1.0,sft,allenai/Olmo-3-7B-Instruct-SFT,given,female,teacher,yes,0.15885908716148375,0.5192881602675645,1.5592464583329855,10,female,1,1,0,0,1.3711639208123716,-1.1967883273611983,1.2213842300546343,1.2075431293395555
26,0.2,base,allenai/Olmo-3-1025-7B,given,male,teacher,no,0.5583107289637007,0.25547501800514905,0.17212712245863282,10,male,0,0,0,0,-1.371163920812372,1.9611702804634437,-0.9888490229395859,-1.4921985917541092
26,0.2,dpo,allenai/Olmo-3-7B-Instruct-DPO,given,male,teacher,no,0.3597114333206906,0.5198892771969917,0.1696799205699406,10,male,0,0,1,0,-1.371163920812372,0.39109698609884436,1.226934505743437,-1.506155277743041
26,0.2,rlvr,allenai/Olmo-3-7B-Instruct,given,male,teacher,no,0.39372125687760406,0.4302641927442451,0.1719898303045828,10,male,0,0,0,1,-1.371163920812372,0.6599696200116387,0.4227795436000974,-1.4929773628901226
26,0.2,sft,allenai/Olmo-3-7B-Instruct-SFT,given,male,teacher,no,0.5152411772875374,0.2192873175878544,0.1961738801352175,10,male,0,1,0,0,-1.371163920812372,1.6206738418025841,-1.249578014696833,-1.362886570746668
26,0.5,base,allenai/Olmo-3-1025-7B,given,male,teacher,no,0.42100486654853086,0.37080388068203973,0.5296093310704297,10,male,0,0,0,0,-0.34279098020309323,0.8756665930522255,-0.08274150458472933,-0.26286405853149886
26,0.5,dpo,allenai/Olmo-3-7B-Instruct-DPO,given,male,teacher,no,0.2661989402096007,0.43707793039441234,0.5586289170627862,10,male,0,0,1,0,-0.34279098020309323,-0.34818795269113534,0.4821957024174141,-0.19739995354455597
26,0.5,rlvr,allenai/Olmo-3-7B-Instruct,given,male,teacher,no,0.3397740822519734,0.4389776184874945,0.5564947470523801,10,male,0,0,0,1,-0.34279098020309323,0.23347758280733977,0.498813590156107,-0.20212033449534278
26,0.5,sft,allenai/Olmo-3-7B-Instruct-SFT,given,male,teacher,no,0.392966011010193,0.5361158681763813,0.4781278867439419,10,male,0,1,0,0,-0.34279098020309323,0.6539988467354191,1.377521114348228,-0.38642943981395006
26,0.7000000000000001,base,allenai/Olmo-3-1025-7B,given,male,teacher,no,0.32320402873232806,0.4182671217838641,0.8410058247745035,10,male,0,0,0,0,0.3427909802030929,0.10247913977080236,0.3188881685003764,0.3284306561417051
26,0.7000000000000001,dpo,allenai/Olmo-3-7B-Instruct-DPO,given,male,teacher,no,0.24622959277457732,0.40127758423712334,0.8989138586134802,10,male,0,0,1,0,0.3427909802030929,-0.5060603107581916,0.17337361773342133,0.4181403575637582
26,0.7000000000000001,rlvr,allenai/Olmo-3-7B-Instruct,given,male,teacher,no,0.2542403313335492,0.41663686443181336,0.8178310709032326,10,male,0,0,0,1,0.3427909802030929,-0.44272953892007333,0.3048426123427117,0.2911381115200208
26,0.7000000000000001,sft,allenai/Olmo-3-7B-Instruct-SFT,given,male,teacher,no,0.2340994557772887,0.45854386695173793,0.8585483945844817,10,male,0,1,0,0,0.3427909802030929,-0.6019579527652476,0.6712860942700709,0.35611632308010516
26,1.0,base,allenai/Olmo-3-1025-7B,given,male,teacher,no,0.1886375974362045,0.46803874725947375,1.6817215963999428,10,male,0,0,0,0,1.3711639208123716,-0.961367332654632,0.7558307284602238,1.3228324133856801
26,1.0,dpo,allenai/Olmo-3-7B-Instruct-DPO,given,male,teacher,no,0.14412602687602935,0.4878426411029592,1.7931231019645928,10,male,0,0,1,0,1.3711639208123716,-1.3132639896920268,0.9339124966001627,1.4219956559759812
26,1.0,rlvr,allenai/Olmo-3-7B-Instruct,given,male,teacher,no,0.15033027329221854,0.49232032946672566,1.5068407503043608,10,male,0,0,0,1,1.3711639208123716,-1.2642148650303464,0.9744984585499109,1.1559849274147775
26,1.0,sft,allenai/Olmo-3-7B-Instruct-SFT,given,male,teacher,no,0.17731476979674482,0.5930255268492767,1.5251781087939933,10,male,0,1,0,0,1.3711639208123716,-1.0508826012554082,1.9169198916556662,1.1741868100035397
27,0.2,base,allenai/Olmo-3-1025-7B,given,female,teacher,no,0.544504907843257,0.24486474884086593,0.1804989649410282,10,female,1,0,0,0,-1.371163920812372,1.85202512474775,-1.0665897602851333,-1.4456242771185106
27,0.2,dpo,allenai/Olmo-3-7B-Instruct-DPO,given,female,teacher,no,0.45547696716930225,0.11840314263265078,0.2162155579352759,10,female,1,0,1,0,-1.371163920812372,1.1481938666766596,-1.9001616059522464,-1.264489221730912
27,0.2,rlvr,allenai/Olmo-3-7B-Instruct,given,female,teacher,no,0.4517184299722182,0.13278874334297303,0.18124725713082612,10,female,1,0,0,1,-1.371163920812372,1.1184798696561202,-1.8154141435519993,-1.441546202177507
27,0.2,sft,allenai/Olmo-3-7B-Instruct-SFT,given,female,teacher,no,0.49001341048161406,0.11168715637473049,0.2023501435762065,10,female,1,1,0,0,-1.371163920812372,1.4212298165345518,-1.9386464934162728,-1.331737078223534
27,0.5,base,allenai/Olmo-3-1025-7B,given,female,teacher,no,0.46964907381484505,0.30940638342223004,0.50491685880418,10,female,1,0,0,0,-0.34279098020309323,1.2602347784886092,-0.5783629924508116,-0.32086971294399275
27,0.5,dpo,allenai/Olmo-3-7B-Instruct-DPO,given,female,teacher,no,0.3050059725419378,0.3490126234572301,0.5686297447081836,10,female,1,0,1,0,-0.34279098020309323,-0.041389860073174585,-0.2618727478600761,-0.17547056294674035
27,0.5,rlvr,allenai/Olmo-3-7B-Instruct,given,female,teacher,no,0.3143952282197753,0.46977993740949436,0.48170089309451153,10,female,1,0,0,1,-0.34279098020309323,0.032839102048789946,0.7713939859654608,-0.3775178950172568
27,0.5,sft,allenai/Olmo-3-7B-Instruct-SFT,given,female,teacher,no,0.362104667836528,0.5411137534975736,0.3727770274850408,10,female,1,1,0,0,-0.34279098020309323,0.41001726267032945,1.4241959644402964,-0.6768788597682158
27,0.7000000000000001,base,allenai/Olmo-3-1025-7B,given,female,teacher,no,0.3793757091477081,0.3455299641827857,0.7797475712218629,10,female,1,0,0,0,0.3427909802030929,0.5465575290431522,-0.2901803368664489,0.22797367930868234
27,0.7000000000000001,dpo,allenai/Olmo-3-7B-Instruct-DPO,given,female,teacher,no,0.25284374047558333,0.32559296685481826,0.893487705774402,10,female,1,0,1,0,0.3427909802030929,-0.4537706153858603,-0.45047726271559363,0.40993420205820025
27,0.7000000000000001,rlvr,allenai/Olmo-3-7B-Instruct,given,female,teacher,no,0.2739969812229387,0.3226474112796464,0.863302340706053,10,female,1,0,0,1,0.3427909802030929,-0.28653871116809404,-0.47390226291531456,0.3635408968117341
27,0.7000000000000001,sft,allenai/Olmo-3-7B-Instruct-SFT,given,female,teacher,no,0.24746237312089595,0.4416572554564362,0.8378680518990109,10,female,1,1,0,0,0.3427909802030929,-0.4963142766984754,0.522292923659257,0.32342994779062334
27,1.0,base,allenai/Olmo-3-1025-7B,given,female,teacher,no,0.16820000595496118,0.4331786411255356,1.8113666788736977,10,female,1,0,0,0,1.3711639208123716,-1.1229415038113815,0.4481575331771335,1.4377616712730987
27,1.0,dpo,allenai/Olmo-3-7B-Instruct-DPO,given,female,teacher,no,0.16113743756323842,0.44710602830388785,1.7689255128956085,10,female,1,0,1,0,1.3711639208123716,-1.1787762940887845,0.5701747254304926,1.4008847619707443
27,1.0,rlvr,allenai/Olmo-3-7B-Instruct,given,female,teacher,no,0.19073150913512293,0.4243440266931986,1.6024828933564321,10,female,1,0,0,1,1.3711639208123716,-0.9448134227901227,0.3713963550618278,1.2490454380454958
27,1.0,sft,allenai/Olmo-3-7B-Instruct-SFT,given,female,teacher,no,0.13199755963682644,0.5329462674628969,1.7808314869457238,10,female,1,1,0,0,1.3711639208123716,-1.4091484310350526,1.3479916436562778,1.411300698560779
28,0.2,base,allenai/Olmo-3-1025-7B,given,male,nurse,yes,0.5231973039222884,0.20005343191981304,0.19518780121710733,10,male,0,0,0,0,-1.371163920812372,1.6835728662697187,-1.3828373979950677,-1.3679322709988042
28,0.2,dpo,allenai/Olmo-3-7B-Instruct-DPO,given,male,nurse,yes,0.40361351035216325,0.2877150884499217,0.2050991493341332,10,male,0,0,1,0,-1.371163920812372,0.7381751491460893,-0.7464333913351662,-1.3181171322884357
28,0.2,rlvr,allenai/Olmo-3-7B-Instruct,given,male,nurse,yes,0.456469959829307,0.564995530214834,0.12879094714710781,10,male,0,0,0,1,-1.371163920812372,1.1560442029627258,1.6490969845994836,-1.7672824158956162
28,0.2,sft,allenai/Olmo-3-7B-Instruct-SFT,given,male,nurse,yes,0.48159988495068096,0.4282859123780881,0.1321490215210572,10,male,0,1,0,0,-1.371163920812372,1.3547147178540508,0.4055843140100913,-1.7435070538021753
28,0.5,base,allenai/Olmo-3-1025-7B,given,male,nurse,yes,0.41396722743037173,0.3188118266532981,0.5340893342620241,10,male,0,0,0,0,-0.34279098020309323,0.8200288869917801,-0.504304028774683,-0.2525731821610879
28,0.5,dpo,allenai/Olmo-3-7B-Instruct-DPO,given,male,nurse,yes,0.3956887926628413,0.5123322357253502,0.47599987811033717,10,male,0,0,1,0,-0.34279098020309323,0.6755244354610377,1.157306532353161,-0.3917623479299778
28,0.5,rlvr,allenai/Olmo-3-7B-Instruct,given,male,nurse,yes,0.28037560144448115,0.48183037507144144,0.45496029575247177,10,male,0,0,0,1,-0.34279098020309323,-0.2361110335053294,0.8796022889588406,-0.4455437269339392
28,0.5,sft,allenai/Olmo-3-7B-Instruct-SFT,given,male,nurse,yes,0.37677916412150825,0.48982443116852387,0.3717807059752241,10,male,0,1,0,0,-0.34279098020309323,0.5260299335647689,0.9518610545733586,-0.6799244166114378
28,0.7000000000000001,base,allenai/Olmo-3-1025-7B,given,male,nurse,yes,0.3269845991851704,0.3549443990426234,0.7977109147558606,10,male,0,0,0,0,0.3427909802030929,0.1323673258605529,-0.21345263063537148,0.25806811411425046
28,0.7000000000000001,dpo,allenai/Olmo-3-7B-Instruct-DPO,given,male,nurse,yes,0.26981338087352436,0.35635890540863224,0.8399361805638211,10,male,0,0,1,0,0.3427909802030929,-0.31961314459769236,-0.20186823104995436,0.3267276321338033
28,0.7000000000000001,rlvr,allenai/Olmo-3-7B-Instruct,given,male,nurse,yes,0.3041077872512891,0.3513856752608597,0.7874640004828226,10,male,0,0,0,1,0.3427909802030929,-0.048490674472705476,-0.24253290654323503,0.24096853707312124
28,0.7000000000000001,sft,allenai/Olmo-3-7B-Instruct-SFT,given,male,nurse,yes,0.27096576629291524,0.470962356051979,0.7489217699341514,10,male,0,1,0,0,0.3427909802030929,-0.3105026914818207,0.7819731968814139,0.17501077451156574
28,1.0,base,allenai/Olmo-3-1025-7B,given,male,nurse,yes,0.20796942685969733,0.466390101096307,1.6128836676279703,10,male,0,0,0,0,1.3711639208123716,-0.8085350226972118,0.7411115282485269,1.258895013053743
28,1.0,dpo,allenai/Olmo-3-7B-Instruct-DPO,given,male,nurse,yes,0.10609170655071241,0.46966744784134956,1.705032249438266,10,male,0,0,1,0,1.3711639208123716,-1.6139532263720593,0.7703879696561476,1.3440084416107583
28,1.0,rlvr,allenai/Olmo-3-7B-Instruct,given,male,nurse,yes,0.13868679604732329,0.48919923343979604,1.3818002677423253,10,male,0,0,0,1,1.3711639208123716,-1.3562651042648952,0.9461963157910549,1.0269003450552063
28,1.0,sft,allenai/Olmo-3-7B-Instruct-SFT,given,male,nurse,yes,0.13139483989352016,0.4288653694050986,1.62058725055928,10,male,0,1,0,0,1.3711639208123716,-1.4139133732766027,0.41061836255508855,1.2661575910826937
29,0.2,base,allenai/Olmo-3-1025-7B,given,female,nurse,yes,0.572386431366595,0.22387388173834283,0.1855378520255727,10,female,1,0,0,0,-1.371163920812372,2.072449045932649,-1.2172379482335263,-1.41842006807652
29,0.2,dpo,allenai/Olmo-3-7B-Instruct-DPO,given,female,nurse,yes,0.48822871059334033,0.12539141596581355,0.1857525560155366,10,female,1,0,1,0,-1.371163920812372,1.407120453135444,-1.8593766490178354,-1.417274121605726
29,0.2,rlvr,allenai/Olmo-3-7B-Instruct,given,female,nurse,yes,0.5464381944587228,0.11436200980389975,0.17823306648285422,10,female,1,0,0,1,-1.371163920812372,1.8673091753556212,-1.9234039689064275,-1.4580562184627908
29,0.2,sft,allenai/Olmo-3-7B-Instruct-SFT,given,female,nurse,yes,0.5617553250996423,0.0980259600849603,0.1825436872790635,10,female,1,1,0,0,-1.371163920812372,1.9884023428199737,-2.014657166196481,-1.434512674828361
29,0.5,base,allenai/Olmo-3-1025-7B,given,female,nurse,yes,0.4150099566148783,0.33526387573719696,0.5082303006508696,10,female,1,0,0,0,-0.34279098020309323,0.8282724270332874,-0.373097900450626,-0.3129558016949854
29,0.5,dpo,allenai/Olmo-3-7B-Instruct-DPO,given,female,nurse,yes,0.3111626526651123,0.39696779304315033,0.5146731636823823,10,female,1,0,1,0,-0.34279098020309323,0.007283218106908313,0.13676619209882124,-0.29768507197165056
29,0.5,rlvr,allenai/Olmo-3-7B-Instruct,given,female,nurse,yes,0.3248625973320094,0.4009011426147525,0.4639944411070694,10,female,1,0,0,1,-0.34279098020309323,0.11559134269579295,0.17017113770051226,-0.4222116178998301
29,0.5,sft,allenai/Olmo-3-7B-Instruct-SFT,given,female,nurse,yes,0.34613028324544576,0.3696869854675702,0.5021777453315385,10,female,1,1,0,0,-0.34279098020309323,0.2837280200062891,-0.09200567616006868,-0.3274433538545989
29,0.7000000000000001,base,allenai/Olmo-3-1025-7B,given,female,nurse,yes,0.3744320541667115,0.32876830459149564,0.7580849847930169,10,female,1,0,0,0,0.3427909802030929,0.5074743055247386,-0.4251496904976497,0.1909340245993753
29,0.7000000000000001,dpo,allenai/Olmo-3-7B-Instruct-DPO,given,female,nurse,yes,0.2896819407058818,0.2859391734971868,0.803122870222411,10,female,1,0,1,0,0.3427909802030929,-0.1625375865537,-0.7600208896344702,0.26702843778506985
29,0.7000000000000001,rlvr,allenai/Olmo-3-7B-Instruct,given,female,nurse,yes,0.2849503253785535,0.37282343266733126,0.8222200622422534,10,female,1,0,0,1,0.3427909802030929,-0.19994448087621688,-0.06596776604140066,0.29826523166992264
29,0.7000000000000001,sft,allenai/Olmo-3-7B-Instruct-SFT,given,female,nurse,yes,0.28731198680749304,0.4527842086523829,0.7785041861099345,10,female,1,1,0,0,0.3427909802030929,-0.1812738127456808,0.6202692730166319,0.22587012900422118
29,1.0,base,allenai/Olmo-3-1025-7B,given,female,nurse,yes,0.24370720910761448,0.36628778080658253,1.532545031547546,10,female,1,0,0,0,1.3711639208123716,-0.5260016062236027,-0.1201460994993901,1.1814499710210609
29,1.0,dpo,allenai/Olmo-3-7B-Instruct-DPO,given,female,nurse,yes,0.18550717969810884,0.35097640643734906,1.6709353678499652,10,female,1,0,1,0,1.3711639208123716,-0.9861155840261984,-0.2458713131642248,1.3129542562716976
29,1.0,rlvr,allenai/Olmo-3-7B-Instruct,given,female,nurse,yes,0.174562740461524,0.3590070319077459,1.4375634332754026,10,female,1,0,0,1,1.3711639208123716,-1.0726394143928784,-0.18014173266286074,1.0855764078667176
29,1.0,sft,allenai/Olmo-3-7B-Instruct-SFT,given,female,nurse,yes,0.11836892141302946,0.4110292881718811,1.75744681009526,10,female,1,1,0,0,1.3711639208123716,-1.516892825819835,0.25666325878980956,1.3907893174517398
30,0.2,base,allenai/Olmo-3-1025-7B,given,male,nurse,no,0.4966976709231622,0.2941891448611034,0.18575810354636652,10,male,0,0,0,0,-1.371163920812372,1.4740738046155428,-0.6966764145360055,-1.417244526656283
30,0.2,dpo,allenai/Olmo-3-7B-Instruct-DPO,given,male,nurse,no,0.4018940489670542,0.279212629501946,0.21142077619010885,10,male,0,0,1,0,-1.371163920812372,0.7245815440292633,-0.8112427691788868,-1.2873428217925742
30,0.2,rlvr,allenai/Olmo-3-7B-Instruct,given,male,nurse,no,0.4068072905431151,0.4617837263703762,0.1664939090461234,10,male,0,0,0,1,-1.371163920812372,0.7634243272443735,0.7000729001654236,-1.524569142637248
30,0.2,sft,allenai/Olmo-3-7B-Instruct-SFT,given,male,nurse,no,0.4190187759848727,0.49077268866166057,0.17907199382350672,10,male,0,1,0,0,-1.371163920812372,0.8599650884517535,0.9604573121710485,-1.4534387298751503
30,0.5,base,allenai/Olmo-3-1025-7B,given,male,nurse,no,0.39098473405419887,0.36396630926784723,0.5532524028768229,10,male,0,0,0,0,-0.34279098020309323,0.6383353972389109,-0.1393170951808765,-0.20931961347077283
30,0.5,dpo,allenai/Olmo-3-7B-Instruct-DPO,given,male,nurse,no,0.28840517122706694,0.45579925223776513,0.5626895660581376,10,male,0,0,1,0,-0.34279098020309323,-0.1726313870138509,0.6469499160586706,-0.18845831210034625
30,0.5,rlvr,allenai/Olmo-3-7B-Instruct,given,male,nurse,no,0.352065369257903,0.5094564651157973,0.4904731149790652,10,male,0,0,0,1,-0.34279098020309323,0.3306492339901815,1.1308951517460084,-0.35586130892757667
30,0.5,sft,allenai/Olmo-3-7B-Instruct-SFT,given,male,nurse,no,0.38063545022249373,0.5519914816324895,0.42920130573764786,10,male,0,1,0,0,-0.34279098020309323,0.5565167074628504,1.5262532002016296,-0.5141717465873664
30,0.7000000000000001,base,allenai/Olmo-3-1025-7B,given,male,nurse,no,0.39284548913101186,0.3268689227101169,0.8403634854728972,10,male,0,0,0,0,0.3427909802030929,0.6530460327625583,-0.44030915384662,0.3274081699030986
30,0.7000000000000001,dpo,allenai/Olmo-3-7B-Instruct-DPO,given,male,nurse,no,0.20435550690192947,0.49433301407000974,0.9085606859849585,10,male,0,0,1,0,0.3427909802030929,-0.8371057142260578,0.9927796627969653,0.43263211379597044
30,0.7000000000000001,rlvr,allenai/Olmo-3-7B-Instruct,given,male,nurse,no,0.22558131396981504,0.4021615765734677,0.8217926804411764,10,male,0,0,0,1,0.3427909802030929,-0.669300119947781,0.18089769077612147,0.2975725633342676
30,0.7000000000000001,sft,allenai/Olmo-3-7B-Instruct-SFT,given,male,nurse,no,0.2147066443079868,0.5231752007819804,0.7403573127435323,10,male,0,1,0,0,0.3427909802030929,-0.7552723705833757,1.2573101778720308,0.1599862813071247
30,1.0,base,allenai/Olmo-3-1025-7B,given,male,nurse,no,0.18654965551690966,0.41241743076340814,1.8182758344014485,10,male,0,0,0,0,1.3711639208123716,-0.9778740470266806,0.2685706952133132,1.4436993334903807
30,1.0,dpo,allenai/Olmo-3-7B-Instruct-DPO,given,male,nurse,no,0.17781393497944217,0.4855420750939387,1.8577134266936528,10,male,0,0,1,0,1.3711639208123716,-1.0469363338716682,0.9131057860170432,1.4772498032609085
30,1.0,rlvr,allenai/Olmo-3-7B-Instruct,given,male,nurse,no,0.1532491251422688,0.44097681586719495,1.5800896467900987,10,male,0,0,0,1,1.3711639208123716,-1.2411391973894683,0.5163265412551992,1.2276638842044805
30,1.0,sft,allenai/Olmo-3-7B-Instruct-SFT,given,male,nurse,no,0.12849275971407947,0.4548180069740097,1.81341374541074,10,male,0,1,0,0,1.3711639208123716,-1.4368564485432698,0.6382605589701343,1.4395227892424807
31,0.2,base,allenai/Olmo-3-1025-7B,given,female,nurse,no,0.5647151753663141,0.19985247797567787,0.1757586344984265,10,female,1,0,0,0,-1.371163920812372,2.01180213305575,-1.3842090373328273,-1.471777748551917
31,0.2,dpo,allenai/Olmo-3-7B-Instruct-DPO,given,female,nurse,no,0.41786614833899677,0.1273296689358558,0.21508856826933442,10,female,1,0,1,0,-1.371163920812372,0.8508527203576131,-1.8479348699580505,-1.2698240726536063
31,0.2,rlvr,allenai/Olmo-3-7B-Instruct,given,female,nurse,no,0.4501191599418312,0.12278706611803766,0.1982081865501627,10,female,1,0,0,1,-1.371163920812372,1.1058364654735502,-1.8746624920413197,-1.3525410167387517
31,0.2,sft,allenai/Olmo-3-7B-Instruct-SFT,given,female,nurse,no,0.5502276354735794,0.1277487379554179,0.19850529558957902,10,female,1,1,0,0,-1.371163920812372,1.8972674897531263,-1.8454537644059001,-1.351037182160626
31,0.5,base,allenai/Olmo-3-1025-7B,given,female,nurse,no,0.43023068184780755,0.2732642290258888,0.5378277272021873,10,female,1,0,0,0,-0.34279098020309323,0.9486034389420135,-0.8562153151646157,-0.24403862630990056
31,0.5,dpo,allenai/Olmo-3-7B-Instruct-DPO,given,female,nurse,no,0.33144437944258637,0.24053094329424538,0.5603287328662722,10,female,1,0,1,0,-0.34279098020309323,0.167625164304703,-1.0980405133155497,-0.19365060567424086
31,0.5,rlvr,allenai/Olmo-3-7B-Instruct,given,female,nurse,no,0.3095874270255618,0.29528683141448364,0.5354509670805709,10,female,1,0,0,1,-0.34279098020309323,-0.005170097506568561,-0.6882054264776897,-0.24945912129107942
31,0.5,sft,allenai/Olmo-3-7B-Instruct-SFT,given,female,nurse,no,0.3001164684404979,0.39204639064216196,0.5793604233142268,10,female,1,1,0,0,-0.34279098020309323,-0.08004498111729175,0.09511729878840343,-0.15228172753915398
31,0.7000000000000001,base,allenai/Olmo-3-1025-7B,given,female,nurse,no,0.39387438701687455,0.2706543488524831,0.8352441207617517,10,female,1,0,0,0,0.3427909802030929,0.6611802262298153,-0.875850011505855,0.319236625078406
31,0.7000000000000001,dpo,allenai/Olmo-3-7B-Instruct-DPO,given,female,nurse,no,0.27596517726525943,0.3292503426539637,0.9503372558814135,10,female,1,0,1,0,0.3427909802030929,-0.2709786759015206,-0.42129800197203915,0.4940026486661939
31,0.7000000000000001,rlvr,allenai/Olmo-3-7B-Instruct,given,female,nurse,no,0.21809092903615454,0.38462306023141735,0.9113602397539109,10,female,1,0,0,1,0.3427909802030929,-0.7285171142013316,0.032607829111305435,0.43681460738193023
31,0.7000000000000001,sft,allenai/Olmo-3-7B-Instruct-SFT,given,female,nurse,no,0.20761647430717622,0.42919798041349,0.8936142201365126,10,female,1,1,0,0,0.3427909802030929,-0.8113253718527663,0.41350890210456687,0.41012598797095456
31,1.0,base,allenai/Olmo-3-1025-7B,given,female,nurse,no,0.2280746442947865,0.38646855667748076,1.6066584618886306,10,female,1,0,0,0,1.3711639208123716,-0.649588512489193,0.04811281002807986,1.25300585305627
31,1.0,dpo,allenai/Olmo-3-7B-Instruct-DPO,given,female,nurse,no,0.14422627024525325,0.38713061901285734,1.8244249172359701,10,female,1,0,1,0,1.3711639208123716,-1.3124714922340375,0.05368085945103439,1.4489686158410602
31,1.0,rlvr,allenai/Olmo-3-7B-Instruct,given,female,nurse,no,0.21644636975378126,0.32097932780977134,1.4876315625390655,10,female,1,0,0,1,1.3711639208123716,-0.7415185631837845,-0.48713802563361797,1.1367263665152192
31,1.0,sft,allenai/Olmo-3-7B-Instruct-SFT,given,female,nurse,no,0.13381254188235495,0.45954935964350585,1.7041369189259903,10,female,1,1,0,0,1.3711639208123716,-1.394799663360808,0.6802132357773164,1.3431993948137446
32,0.2,base,allenai/Olmo-3-1025-7B,given,male,secretary,yes,0.5035021283592088,0.27774010279163447,0.1927018237018635,10,male,0,0,0,0,-1.371163920812372,1.527868038217365,-0.8224042246136852,-1.380744086296995
32,0.2,dpo,allenai/Olmo-3-7B-Instruct-DPO,given,male,secretary,yes,0.39785526733361876,0.2213037045015735,0.2066449664463458,10,male,0,0,1,0,-1.371163920812372,0.6926520089123525,-1.235386476963063,-1.310522498562545
32,0.2,rlvr,allenai/Olmo-3-7B-Instruct,given,male,secretary,yes,0.472118416562024,0.16978074634912732,0.1867258170642475,10,male,0,0,0,1,-1.371163920812372,1.279756746526944,-1.5843712450696597,-1.412092771357976
32,0.2,sft,allenai/Olmo-3-7B-Instruct-SFT,given,male,secretary,yes,0.5400615049126453,0.12580617578619574,0.2010584971950366,10,male,0,1,0,0,-1.371163920812372,1.8168967611004017,-1.8569329380183413,-1.3381877777483058
32,0.5,base,allenai/Olmo-3-1025-7B,given,male,secretary,yes,0.3971203497596879,0.26411841427371774,0.548886210597106,10,male,0,0,0,0,-0.34279098020309323,0.6868419457263168,-0.9247579474875641,-0.21906786687675855
32,0.5,dpo,allenai/Olmo-3-7B-Instruct-DPO,given,male,secretary,yes,0.29870814335841966,0.36428039593074424,0.5846266544613823,10,male,0,0,1,0,-0.34279098020309323,-0.09117882524295026,-0.1367255860962291,-0.14102711535510662
32,0.5,rlvr,allenai/Olmo-3-7B-Instruct,given,male,secretary,yes,0.3066558992905264,0.3803227696932069,0.510395526103636,10,male,0,0,0,1,-0.34279098020309323,-0.028345977328125403,-0.0034297747064244953,-0.3078066204210726
32,0.5,sft,allenai/Olmo-3-7B-Instruct-SFT,given,male,secretary,yes,0.30455818950920477,0.30145859992183344,0.5752322901638961,10,male,0,1,0,0,-0.34279098020309323,-0.04492991382355376,-0.6403922262551843,-0.16116151543809523
32,0.7000000000000001,base,allenai/Olmo-3-1025-7B,given,male,secretary,yes,0.3716281976033764,0.4141715054242401,0.8249399789373075,10,male,0,0,0,0,0.3427909802030929,0.48530776008424237,0.28363522419262194,0.3026667229411792
32,0.7000000000000001,dpo,allenai/Olmo-3-7B-Instruct-DPO,given,male,secretary,yes,0.22858226323074862,0.44482875776106806,0.8807279604368832,10,male,0,0,1,0,0.3427909802030929,-0.6455754119769911,0.550140325798467,0.3904787274435008
32,0.7000000000000001,rlvr,allenai/Olmo-3-7B-Instruct,given,male,secretary,yes,0.2893895177542121,0.33653390157605095,0.8475769719709593,10,male,0,0,0,1,0.3427909802030929,-0.16484940475823764,-0.36288310071229246,0.33885494504058733
32,0.7000000000000001,sft,allenai/Olmo-3-7B-Instruct-SFT,given,male,secretary,yes,0.24833713741436003,0.4510618625364874,0.8882910666347387,10,male,0,1,0,0,0.3427909802030929,-0.4893986224833643,0.6050531169872065,0.4020376394710806
32,1.0,base,allenai/Olmo-3-1025-7B,given,male,secretary,yes,0.21368579619593314,0.43451667952554585,1.7489904543558754,10,male,0,0,0,0,1.3711639208123716,-0.7633429246764732,0.4598268279658511,1.3833181654140112
32,1.0,dpo,allenai/Olmo-3-7B-Instruct-DPO,given,male,secretary,yes,0.12176276022722518,0.47238834352633957,1.8981296708005726,10,male,0,0,1,0,1.3711639208123716,-1.4900620373706905,0.7947428221869695,1.5110460221483095
32,1.0,rlvr,allenai/Olmo-3-7B-Instruct,given,male,secretary,yes,0.1319126042583474,0.47534850066560075,1.7021668373141434,10,male,0,0,0,1,1.3711639208123716,-1.4098200656978581,0.8212897619752845,1.3414179719592088
32,1.0,sft,allenai/Olmo-3-7B-Instruct-SFT,given,male,secretary,yes,0.142606746359714,0.4919842864195512,1.7505130058502156,10,male,0,1,0,0,1.3711639208123716,-1.3252750180171375,0.9714484814387353,1.3846654654742214
33,0.2,base,allenai/Olmo-3-1025-7B,given,female,secretary,yes,0.6010348210019311,0.25441440540085586,0.19195509018683013,10,female,1,0,0,0,-1.371163920812372,2.298935606961779,-0.9966668091219409,-1.3846183273540895
33,0.2,dpo,allenai/Olmo-3-7B-Instruct-DPO,given,female,secretary,yes,0.4313093051497073,0.14905869881253647,0.2026998755509893,10,female,1,0,1,0,-1.371163920812372,0.9571307483441389,-1.716009688898774,-1.3299961336111832
33,0.2,rlvr,allenai/Olmo-3-7B-Instruct,given,female,secretary,yes,0.45633720157798974,0.22920225341307696,0.17764015062275812,10,female,1,0,0,1,-1.371163920812372,1.1549946514810607,-1.1794034757332752,-1.461330161658968
33,0.2,sft,allenai/Olmo-3-7B-Instruct-SFT,given,female,secretary,yes,0.526251219804323,0.1062695172215545,0.1893129753202819,10,female,1,1,0,0,-1.371163920812372,1.7077163142819285,-1.969164092962583,-1.3984239416694495
33,0.5,base,allenai/Olmo-3-1025-7B,given,female,secretary,yes,0.43354885068221716,0.37934009149559844,0.5366737202980143,10,female,1,0,0,0,-0.34279098020309323,0.9748360006247306,-0.011646857554455168,-0.24666807987854816
33,0.5,dpo,allenai/Olmo-3-7B-Instruct-DPO,given,female,secretary,yes,0.2804413008171492,0.278048784255302,0.5746716881804621,10,female,1,0,1,0,-0.34279098020309323,-0.23559163171113565,-0.8200660287906133,-0.1623713272321069
33,0.5,rlvr,allenai/Olmo-3-7B-Instruct,given,female,secretary,yes,0.3342148142432194,0.4483462593989692,0.5321173578998731,10,female,1,0,0,1,-0.34279098020309323,0.1895274861642486,0.5810993165835194,-0.25709439516357613
33,0.5,sft,allenai/Olmo-3-7B-Instruct-SFT,given,female,secretary,yes,0.3941212867455101,0.284784619235464,0.5990507516417223,10,female,1,1,0,0,-0.34279098020309323,0.6631321499214954,-0.7688400668599978,-0.11061147199851028
33,0.7000000000000001,base,allenai/Olmo-3-1025-7B,given,female,secretary,yes,0.2982455346058322,0.46730762253081826,0.8763551443095003,10,female,1,0,0,0,0.3427909802030929,-0.0948360871976075,0.749301180474419,0.3837593059253036
33,0.7000000000000001,dpo,allenai/Olmo-3-7B-Instruct-DPO,given,female,secretary,yes,0.28230771855593056,0.3164991546274209,0.8512849485790938,10,female,1,0,1,0,0.3427909802030929,-0.22083622868565597,-0.5225790682516959,0.3447086370549712
33,0.7000000000000001,rlvr,allenai/Olmo-3-7B-Instruct,given,female,secretary,yes,0.24528898576081087,0.4178887723751354,0.7853660775832275,10,female,1,0,0,1,0.3427909802030929,-0.5134965000358281,0.3156269359889743,0.23744566075322032
33,0.7000000000000001,sft,allenai/Olmo-3-7B-Instruct-SFT,given,female,secretary,yes,0.3412919616709327,0.27142680681131015,0.8967572375037414,10,female,1,1,0,0,0.3427909802030929,0.24547753442880696,-0.8700448560034577,0.4148835899331664
33,1.0,base,allenai/Olmo-3-1025-7B,given,female,secretary,yes,0.22733634090152816,0.4484370982678712,1.6444578272501622,10,female,1,0,0,0,1.3711639208123716,-0.6554253430637453,0.5818998480679399,1.2884874227852998
33,1.0,dpo,allenai/Olmo-3-7B-Instruct-DPO,given,female,secretary,yes,0.14567477215829588,0.4608793203559336,1.7220849902698145,10,female,1,0,1,0,1.3711639208123716,-1.3010200207515186,0.6920306205855946,1.3593532109569768
33,1.0,rlvr,allenai/Olmo-3-7B-Instruct,given,female,secretary,yes,0.14015038873841104,0.40718125677057193,1.4990322165883854,10,female,1,0,0,1,1.3711639208123716,-1.3446943290984277,0.22372155991722784,1.1481801812972217
33,1.0,sft,allenai/Olmo-3-7B-Instruct-SFT,given,female,secretary,yes,0.12766393096591583,0.5112905586570878,1.8122510917286074,10,female,1,1,0,0,1.3711639208123716,-1.443408948535176,1.147734228270954,1.4385227386558885
34,0.2,base,allenai/Olmo-3-1025-7B,given,male,secretary,no,0.5404978105258819,0.19343722795001983,0.1977669887186328,10,male,0,0,0,0,-1.371163920812372,1.82034607742001,-1.4277663005586414,-1.3547775000935138
34,0.2,dpo,allenai/Olmo-3-7B-Instruct-DPO,given,male,secretary,no,0.43186628551179146,0.24013861049663182,0.21064954477012163,10,male,0,0,1,0,-1.371163920812372,0.961534087183597,-1.1008789100086198,-1.2910574501317595
34,0.2,rlvr,allenai/Olmo-3-7B-Instruct,given,male,secretary,no,0.4720457998461382,0.18506221515080432,0.2046432758646306,10,male,0,0,0,1,-1.371163920812372,1.2791826580541341,-1.4839437632921972,-1.3203656019919376
34,0.2,sft,allenai/Olmo-3-7B-Instruct-SFT,given,male,secretary,no,0.474013372167722,0.29508554101120416,0.2041871613560144,10,male,0,1,0,0,-1.371163920812372,1.294737762350187,-0.689759557504098,-1.3226192794998428
34,0.5,base,allenai/Olmo-3-1025-7B,given,male,secretary,no,0.45824392337369785,0.35591134084345427,0.5630890825706371,10,male,0,0,0,0,-0.34279098020309323,1.1700686876780746,-0.20553523206059326,-0.18758136339513726
34,0.5,dpo,allenai/Olmo-3-7B-Instruct-DPO,given,male,secretary,no,0.2827423668742018,0.44595849300991974,0.5812424064009806,10,male,0,0,1,0,-0.34279098020309323,-0.217400014499958,0.5600751816511751,-0.14825031360731886
34,0.5,rlvr,allenai/Olmo-3-7B-Instruct,given,male,secretary,no,0.3393770312925917,0.48612950554305023,0.5155088708590563,10,male,0,0,0,1,-0.34279098020309323,0.2303386033572433,0.9184156479284937,-0.29571553409064716
34,0.5,sft,allenai/Olmo-3-7B-Instruct-SFT,given,male,secretary,no,0.3693727308275311,0.5948611104355807,0.4689285728632854,10,male,0,1,0,0,-0.34279098020309323,0.4674766386816424,1.9346008849234106,-0.40962171338576125
34,0.7000000000000001,base,allenai/Olmo-3-1025-7B,given,male,secretary,no,0.36563889214803635,0.3616311968805971,0.8741036322855698,10,male,0,0,0,0,0.3427909802030929,0.43795790158260384,-0.15856174982525212,0.3802890741797769
34,0.7000000000000001,dpo,allenai/Olmo-3-7B-Instruct-DPO,given,male,secretary,no,0.2457332510177874,0.4212470616484214,0.9807156423274263,10,male,0,0,1,0,0.3427909802030929,-0.5099842568864531,0.3446067348370682,0.5372856222350473
34,0.7000000000000001,rlvr,allenai/Olmo-3-7B-Instruct,given,male,secretary,no,0.2765137678077381,0.4056531052128305,0.8857420376061255,10,male,0,0,0,1,0.3427909802030929,-0.2666416647479914,0.21066681747291205,0.39815072292033415
34,0.7000000000000001,sft,allenai/Olmo-3-7B-Instruct-SFT,given,male,secretary,no,0.2610186569449829,0.42020618771311474,0.899925419139508,10,male,0,1,0,0,0.3427909802030929,-0.3891418965844735,0.33561684109096285,0.4196657845922215
34,1.0,base,allenai/Olmo-3-1025-7B,given,male,secretary,no,0.20805296636421705,0.47028445377929723,1.7870679194132482,10,male,0,0,0,0,1.3711639208123716,-0.8078745815579509,0.7759069122746758,1.4167343942833877
34,1.0,dpo,allenai/Olmo-3-7B-Instruct-DPO,given,male,secretary,no,0.15342789058689074,0.4348755305806104,1.869894515516857,10,male,0,0,1,0,1.3711639208123716,-1.2397259252545023,0.4629583735610956,1.4874971733446445
34,1.0,rlvr,allenai/Olmo-3-7B-Instruct,given,male,secretary,no,0.12194767987021433,0.4638084667005535,1.6837465709485113,10,male,0,0,0,1,1.3711639208123716,-1.4886001117776484,0.7180956274468371,1.3246812479298669
34,1.0,sft,allenai/Olmo-3-7B-Instruct-SFT,given,male,secretary,no,0.16050802350093482,0.47485685769610525,1.8594559606065348,10,male,0,1,0,0,1.3711639208123716,-1.1837522745277926,0.8168770346059202,1.478719006936669
35,0.2,base,allenai/Olmo-3-1025-7B,given,female,secretary,no,0.5619113204491122,0.26528281685885313,0.1976325950448556,10,female,1,0,0,0,-1.371163920812372,1.9896356006291454,-0.9160725448901443,-1.355459551419918
35,0.2,dpo,allenai/Olmo-3-7B-Instruct-DPO,given,female,secretary,no,0.4528090383333665,0.13879871240558556,0.2087541894633736,10,female,1,0,1,0,-1.371163920812372,1.1271019297540958,-1.7791196132117746,-1.3002329114526057
35,0.2,rlvr,allenai/Olmo-3-7B-Instruct,given,female,secretary,no,0.5286126534781022,0.10143491963346596,0.18604842496295282,10,female,1,0,0,1,-1.371163920812372,1.7263851818406462,-1.9959855143931484,-1.4156967080027205
35,0.2,sft,allenai/Olmo-3-7B-Instruct-SFT,given,female,secretary,no,0.5188997207532184,0.11927640944794725,0.2129528958452569,10,female,1,1,0,0,-1.371163920812372,1.6495973149354564,-1.8951056952992968,-1.279995466608144
35,0.5,base,allenai/Olmo-3-1025-7B,given,female,secretary,no,0.4420546686218252,0.3259680285752082,0.5631487403264905,10,female,1,0,0,0,-0.34279098020309323,1.0420807385804562,-0.44748969687751333,-0.18745045590540355
35,0.5,dpo,allenai/Olmo-3-7B-Instruct-DPO,given,female,secretary,no,0.3550881183686341,0.13826581124962406,0.5756173226525312,10,female,1,0,1,0,-0.34279098020309323,0.3545462857846361,-1.7823582824827602,-0.16033113983264652
35,0.5,rlvr,allenai/Olmo-3-7B-Instruct,given,female,secretary,no,0.36411590319620596,0.4075348976851363,0.5196044733044574,10,female,1,0,0,1,-0.34279098020309323,0.42591755535106673,0.226744866344137,-0.28610011331163065
35,0.5,sft,allenai/Olmo-3-7B-Instruct-SFT,given,female,secretary,no,0.4568386055214705,0.4287863108687571,0.44997326403312554,10,female,1,1,0,0,-0.34279098020309323,1.158958617913063,0.40993141254753623,-0.4585829258808314
35,0.7000000000000001,base,allenai/Olmo-3-1025-7B,given,female,secretary,no,0.3403684601856425,0.40963859329821933,0.90376761678021,10,female,1,0,0,0,0.3427909802030929,0.23817657691702132,0.24474668022663532,0.4254473080722525
35,0.7000000000000001,dpo,allenai/Olmo-3-7B-Instruct-DPO,given,female,secretary,no,0.25673664635194393,0.27996676557889716,0.9528338418459809,10,female,1,0,1,0,0.3427909802030929,-0.42299433526785013,-0.8055193484274786,0.4976012421035798
35,0.7000000000000001,rlvr,allenai/Olmo-3-7B-Instruct,given,female,secretary,no,0.23966714415789822,0.43843578698105556,0.8673101812328623,10,female,1,0,0,1,0.3427909802030929,-0.5579412868982517,0.49407149084172325,0.36977482414047325
35,0.7000000000000001,sft,allenai/Olmo-3-7B-Instruct-SFT,given,female,secretary,no,0.3792022767910177,0.1813591282442942,0.9702339327562856,10,female,1,1,0,0,0.3427909802030929,0.5451864188852001,-1.508529916662822,0.5224742389767025
35,1.0,base,allenai/Olmo-3-1025-7B,given,female,secretary,no,0.2634929255506482,0.37618646397246613,1.7580284029642737,10,female,1,0,0,0,1.3711639208123716,-0.3695809860169816,-0.03797173219039069,1.391302092967269
35,1.0,dpo,allenai/Olmo-3-7B-Instruct-DPO,given,female,secretary,no,0.1456002202731089,0.4231628681674909,1.8355154588768876,10,female,1,0,1,0,1.3711639208123716,-1.3016094081589493,0.3611716786526931,1.4584364803298107
35,1.0,rlvr,allenai/Olmo-3-7B-Instruct,given,female,secretary,no,0.16478334233753633,0.3924502751251747,1.5233276838432064,10,female,1,0,0,1,1.3711639208123716,-1.14995273909385,0.09852909754670731,1.1723580331550139
35,1.0,sft,allenai/Olmo-3-7B-Instruct-SFT,given,female,secretary,no,0.1856390180853991,0.4763078718606693,1.641408691662053,10,female,1,1,0,0,1.3711639208123716,-0.9850733047452658,0.8299047283248049,1.2856496189699684
36,0.2,base,allenai/Olmo-3-1025-7B,given,male,programmer,yes,0.5144010533038729,0.1975263973687502,0.1636974202245493,10,male,0,0,0,0,-1.371163920812372,1.614032044678198,-1.4000541970507834,-1.540965802352765
36,0.2,dpo,allenai/Olmo-3-7B-Instruct-DPO,given,male,programmer,yes,0.48900030398754135,0.2579447974103159,0.1925538754675244,10,male,0,0,1,0,-1.371163920812372,1.4132204656174663,-0.9706044819629132,-1.381510722437392
36,0.2,rlvr,allenai/Olmo-3-7B-Instruct,given,male,programmer,yes,0.511687537308114,0.23368368943519918,0.1717050566965646,10,male,0,0,0,1,-1.371163920812372,1.592579707775501,-1.1473662960343594,-1.4945942915687134
36,0.2,sft,allenai/Olmo-3-7B-Instruct-SFT,given,male,programmer,yes,0.5544513036121731,0.14335833274989246,0.1661296469667089,10,male,0,1,0,0,-1.371163920812372,1.9306586884841874,-1.7512489607066002,-1.5266923663670962
36,0.5,base,allenai/Olmo-3-1025-7B,given,male,programmer,yes,0.40356016689142393,0.3251853070502075,0.4226140067254406,10,male,0,0,0,0,-0.34279098020309323,0.7377534299105571,-0.4537232549360987,-0.5322502774962634
36,0.5,dpo,allenai/Olmo-3-7B-Instruct-DPO,given,male,programmer,yes,0.327147087187571,0.3926374108257575,0.5262038910562309,10,male,0,0,1,0,-0.34279098020309323,0.13365191285970524,0.10011029594261368,-0.27073333909765557
36,0.5,rlvr,allenai/Olmo-3-7B-Instruct,given,male,programmer,yes,0.346133227594951,0.4924915972914267,0.4613675540382566,10,male,0,0,0,1,-0.34279098020309323,0.28375129725162135,0.976053164452988,-0.42895817117856366
36,0.5,sft,allenai/Olmo-3-7B-Instruct-SFT,given,male,programmer,yes,0.4605314930915827,0.5052783103969855,0.3391081951306375,10,male,0,1,0,0,-0.34279098020309323,1.1881536064156732,1.0926065595145582,-0.78362189400208
36,0.7000000000000001,base,allenai/Olmo-3-1025-7B,given,male,programmer,yes,0.3392339480766856,0.37372748527860855,0.7033502605085569,10,male,0,0,0,0,0.3427909802030929,0.2292074254472782,-0.05844967171107759,0.0934189777104494
36,0.7000000000000001,dpo,allenai/Olmo-3-7B-Instruct-DPO,given,male,programmer,yes,0.23959696830173832,0.46824957192592315,0.8138137866475272,10,male,0,0,1,0,0.3427909802030929,-0.5584960785822257,0.7577141666711199,0.2845876863266198
36,0.7000000000000001,rlvr,allenai/Olmo-3-7B-Instruct,given,male,programmer,yes,0.30126511894405217,0.36323280893802984,0.8015948493704574,10,male,0,0,0,1,0.3427909802030929,-0.0709640552542372,-0.14536640385886615,0.2645034768552875
36,0.7000000000000001,sft,allenai/Olmo-3-7B-Instruct-SFT,given,male,programmer,yes,0.2795439346729441,0.39347581287583167,0.6357588100572558,10,male,0,1,0,0,0.3427909802030929,-0.2426859701564037,0.10719727906929069,-0.03577135079411166
36,1.0,base,allenai/Olmo-3-1025-7B,given,male,programmer,yes,0.25962351554848995,0.3806337946439824,1.6750556930055616,10,male,0,0,0,0,1.3711639208123716,-0.4001715139927526,-0.0008276063353618363,1.3167337117882574
36,1.0,dpo,allenai/Olmo-3-7B-Instruct-DPO,given,male,programmer,yes,0.17924695763487994,0.4218326572513637,1.6006053176000712,10,male,0,0,1,0,1.3711639208123716,-1.0356072372893388,0.3496675395563868,1.2472619130175644
36,1.0,rlvr,allenai/Olmo-3-7B-Instruct,given,male,programmer,yes,0.12960438882043707,0.47583697887207155,1.401481228359664,10,male,0,0,0,1,1.3711639208123716,-1.4280682040156167,0.8256755143770373,1.0478224370869555
36,1.0,sft,allenai/Olmo-3-7B-Instruct-SFT,given,male,programmer,yes,0.14414396357220127,0.5293492383949809,1.6127981876830255,10,male,0,1,0,0,1.3711639208123716,-1.3131221869350862,1.3145473085902077,1.258814270830169
37,0.2,base,allenai/Olmo-3-1025-7B,given,female,programmer,yes,0.591583891850992,0.2972550314005715,0.1292607507863386,10,female,1,0,0,0,-1.371163920812372,2.224219070738537,-0.6729916297597787,-1.7639265212768607
37,0.2,dpo,allenai/Olmo-3-7B-Instruct-DPO,given,female,programmer,yes,0.4717647359230012,0.24706251978169946,0.18934669531893822,10,female,1,0,1,0,-1.371163920812372,1.2769606413128465,-1.050572746126278,-1.3982467779734886
37,0.2,rlvr,allenai/Olmo-3-7B-Instruct,given,female,programmer,yes,0.45381713895717785,0.21261272442118104,0.1820230867519944,10,female,1,0,0,1,-1.371163920812372,1.1350717055901773,-1.2962589493611456,-1.4373322679380027
37,0.2,sft,allenai/Olmo-3-7B-Instruct-SFT,given,female,programmer,yes,0.5572661564699166,0.10986662390805163,0.1954215130579818,10,female,1,1,0,0,-1.371163920812372,1.952912167708269,-1.9489550170702992,-1.3667345400147206
37,0.5,base,allenai/Olmo-3-1025-7B,given,female,programmer,yes,0.4208062885407502,0.3360635477240704,0.45116108612809513,10,female,1,0,0,0,-0.34279098020309323,0.8740966880540477,-0.3666675745837915,-0.45546675846960644
37,0.5,dpo,allenai/Olmo-3-7B-Instruct-DPO,given,female,programmer,yes,0.35076663429910443,0.44159553774171856,0.4823398192375829,10,female,1,0,1,0,-0.34279098020309323,0.3203817802780963,0.5217516366039086,-0.3759299142766818
37,0.5,rlvr,allenai/Olmo-3-7B-Instruct,given,female,programmer,yes,0.32600840796587616,0.3374980320319732,0.4812363801829694,10,female,1,0,0,1,-0.34279098020309323,0.1246498173032103,-0.35512046305164635,-0.3786734503655532
37,0.5,sft,allenai/Olmo-3-7B-Instruct-SFT,given,female,programmer,yes,0.35874959140550944,0.27232386192772784,0.5026382627974951,10,female,1,1,0,0,-0.34279098020309323,0.38349291932943835,-0.863296769461806,-0.3263361456513698
37,0.7000000000000001,base,allenai/Olmo-3-1025-7B,given,female,programmer,yes,0.3450538817271296,0.37284176947643666,0.6911079236972657,10,female,1,0,0,0,0.3427909802030929,0.27521827543519245,-0.06581533453514446,0.07078011320697236
37,0.7000000000000001,dpo,allenai/Olmo-3-7B-Instruct-DPO,given,female,programmer,yes,0.2166022420178283,0.39334556769883133,0.8347226970360614,10,female,1,0,1,0,0.3427909802030929,-0.7402862784552813,0.10609600743072227,0.3184020776840292
37,0.7000000000000001,rlvr,allenai/Olmo-3-7B-Instruct,given,female,programmer,yes,0.26857408326683724,0.3273649733626715,0.8011931230139071,10,female,1,0,0,1,0.3427909802030929,-0.32941070238725795,-0.43635272578084894,0.26383900863704773
37,0.7000000000000001,sft,allenai/Olmo-3-7B-Instruct-SFT,given,female,programmer,yes,0.3299134876789698,0.2776737724913794,0.8474238366286265,10,female,1,1,0,0,0.3427909802030929,0.15552234054173397,-0.8229065551230446,0.3386127532769059
37,1.0,base,allenai/Olmo-3-1025-7B,given,female,programmer,yes,0.2071999953097534,0.4828932759190414,1.707148376742439,10,female,1,0,0,0,1.3711639208123716,-0.8146179442126036,0.8891882022424588,1.3459192842349645
37,1.0,dpo,allenai/Olmo-3-7B-Instruct-DPO,given,female,programmer,yes,0.18145536805816287,0.3751562340618217,1.6022706569995104,10,female,1,0,1,0,1.3711639208123716,-1.0181481309145322,-0.046556475503644945,1.2488439168809344
37,1.0,rlvr,allenai/Olmo-3-7B-Instruct,given,female,programmer,yes,0.15921967664232128,0.40449067757584944,1.4074560287209845,10,female,1,0,0,1,1.3711639208123716,-1.19393760267832,0.2007468040426903,1.0541274424435398
37,1.0,sft,allenai/Olmo-3-7B-Instruct-SFT,given,female,programmer,yes,0.16286758064249512,0.394383680091973,1.5480965612650843,10,female,1,1,0,0,1.3711639208123716,-1.1650982423344942,0.11487683808651747,1.196691094898354
38,0.2,base,allenai/Olmo-3-1025-7B,given,male,programmer,no,0.5804395269090961,0.17843181465592295,0.1764029888167507,10,male,0,0,0,0,-1.371163920812372,2.136114680834877,-1.5278534901534047,-1.4681897673414717
38,0.2,dpo,allenai/Olmo-3-7B-Instruct-DPO,given,male,programmer,no,0.4685755478830685,0.1756634792303092,0.20139339145873092,10,male,0,0,1,0,-1.371163920812372,1.251747767541098,-1.5460356076271098,-1.3365120790628124
38,0.2,rlvr,allenai/Olmo-3-7B-Instruct,given,male,programmer,no,0.4617168195061016,0.1909160375093847,0.19397319692707643,10,male,0,0,0,1,-1.371163920812372,1.1975244822917206,-1.4447603959248558,-1.3741754622623095
38,0.2,sft,allenai/Olmo-3-7B-Instruct-SFT,given,male,programmer,no,0.46282781049684085,0.17780545849594942,0.187052474813443,10,male,0,1,0,0,-1.371163920812372,1.2063076820467433,-1.5319751929190675,-1.4103585921295334
38,0.5,base,allenai/Olmo-3-1025-7B,given,male,programmer,no,0.4682618472482951,0.22949891933395733,0.5267079100255876,10,male,0,0,0,0,-0.34279098020309323,1.2492677336241185,-1.177288729030974,-0.26956608630739676
38,0.5,dpo,allenai/Olmo-3-7B-Instruct-DPO,given,male,programmer,no,0.32707579358050337,0.24402892192463213,0.5764820334904011,10,male,0,0,1,0,-0.34279098020309323,0.13308828453386745,-1.072669231509824,-0.15846789216589088
38,0.5,rlvr,allenai/Olmo-3-7B-Instruct,given,male,programmer,no,0.3121950350530835,0.4775245659214765,0.4979044139642406,10,male,0,0,0,1,-0.34279098020309323,0.015444959122544176,0.8408383014441422,-0.3377565775181145
38,0.5,sft,allenai/Olmo-3-7B-Instruct-SFT,given,male,programmer,no,0.41810538312476003,0.2204929943152252,0.5393321986021122,10,male,0,1,0,0,-0.34279098020309323,0.8527440470463297,-1.2410972772971631,-0.24061740259747094
38,0.7000000000000001,base,allenai/Olmo-3-1025-7B,given,male,programmer,no,0.3793705109236016,0.27566115185455203,0.8069578753734623,10,male,0,0,0,0,0.3427909802030929,0.5465164332637271,-0.8381303891342643,0.2733486424267354
38,0.7000000000000001,dpo,allenai/Olmo-3-7B-Instruct-DPO,given,male,programmer,no,0.23840153606642672,0.3877005029927909,0.916848897681068,10,male,0,0,1,0,0.3427909802030929,-0.567946848393913,0.05847608773593799,0.4449848061696946
38,0.7000000000000001,rlvr,allenai/Olmo-3-7B-Instruct,given,male,programmer,no,0.26113225415321667,0.4029627316532078,0.8080804127637679,10,male,0,0,0,1,0.3427909802030929,-0.38824382722131306,0.18772121886119367,0.275194065568402
38,0.7000000000000001,sft,allenai/Olmo-3-7B-Instruct-SFT,given,male,programmer,no,0.25255648679649884,0.3656662594951592,0.799167177236158,10,male,0,1,0,0,0.3427909802030929,-0.45604156669401225,-0.12528247730746897,0.26048395718858464
38,1.0,base,allenai/Olmo-3-1025-7B,given,male,programmer,no,0.2451537865613854,0.35492631215173687,1.6564843209584552,10,male,0,0,0,0,1.3711639208123716,-0.514565349005056,-0.21360066263056382,1.2996394423736024
38,1.0,dpo,allenai/Olmo-3-7B-Instruct-DPO,given,male,programmer,no,0.1390163688974953,0.4316542182870873,1.7329065439688658,10,male,0,0,1,0,1.3711639208123716,-1.3536595888277567,0.4348766351263201,1.36902788201183
38,1.0,rlvr,allenai/Olmo-3-7B-Instruct,given,male,programmer,no,0.1562571495762074,0.4141568844845003,1.5163133078843465,10,male,0,0,0,1,1.3711639208123716,-1.2173585549796753,0.28350957153449025,1.165409520108694
38,1.0,sft,allenai/Olmo-3-7B-Instruct-SFT,given,male,programmer,no,0.11379769322290148,0.5458166040943939,1.8659173689683275,10,male,0,1,0,0,1.3711639208123716,-1.5530317420255995,1.4682402600108249,1.4841572837267376
39,0.2,base,allenai/Olmo-3-1025-7B,given,female,programmer,no,0.46728698778148237,0.3605220325885294,0.1596106930104327,10,female,1,0,0,0,-1.371163920812372,1.241560753548255,-0.16768909694270648,-1.5653358152672134
39,0.2,dpo,allenai/Olmo-3-7B-Instruct-DPO,given,female,programmer,no,0.5267817928630161,0.1354375383747559,0.17646261204159822,10,female,1,0,1,0,-1.371163920812372,1.7119108839930959,-1.7994806010035844,-1.4678582961364481
39,0.2,rlvr,allenai/Olmo-3-7B-Instruct,given,female,programmer,no,0.45766294309861616,0.11824212902830733,0.1855516671157995,10,female,1,0,0,1,-1.371163920812372,1.1654756118995078,-1.9010925337367237,-1.4183463003870658
39,0.2,sft,allenai/Olmo-3-7B-Instruct-SFT,given,female,programmer,no,0.5305214446420572,0.14678489394876534,0.15806833727379813,10,female,1,1,0,0,-1.371163920812372,1.7414755779135105,-1.7301182626682265,-1.5746632172403279
39,0.5,base,allenai/Olmo-3-1025-7B,given,female,programmer,no,0.33682227360894157,0.3860815096517976,0.48902120915145764,10,female,1,0,0,0,-0.34279098020309323,0.21014136751265056,0.04485908026695916,-0.3594241864453774
39,0.5,dpo,allenai/Olmo-3-7B-Instruct-DPO,given,female,programmer,no,0.39497084760785717,0.13353383481728487,0.5458836218607251,10,female,1,0,1,0,-0.34279098020309323,0.6698485525028326,-1.8109421998995932,-0.22580775443594098
39,0.5,rlvr,allenai/Olmo-3-7B-Instruct,given,female,programmer,no,0.3960620905186111,0.25796905563157146,0.5103346087695589,10,female,1,0,0,1,-0.34279098020309323,0.678475629181489,-0.9704250086292524,-0.3079512501441641
39,0.5,sft,allenai/Olmo-3-7B-Instruct-SFT,given,female,programmer,no,0.36357148510519205,0.27679026340975094,0.5886176598180253,10,female,1,1,0,0,-0.34279098020309323,0.42161353049084577,-0.8295938949590315,-0.13255179278818546
39,0.7000000000000001,base,allenai/Olmo-3-1025-7B,given,female,programmer,no,0.3226094908336044,0.34898496852364946,0.7338712026551361,10,female,1,0,0,0,0.3427909802030929,0.09777888101987706,-0.26209788477814794,0.14851488152019302
39,0.7000000000000001,dpo,allenai/Olmo-3-7B-Instruct-DPO,given,female,programmer,no,0.2897118755962114,0.2930142599657543,0.8665724332111375,10,female,1,0,1,0,0.3427909802030929,-0.16230092925980544,-0.7057320784986676,0.36862904187612616
39,0.7000000000000001,rlvr,allenai/Olmo-3-7B-Instruct,given,female,programmer,no,0.290473124160255,0.3672737236873522,0.7846578141758117,10,female,1,0,0,1,0.3427909802030929,-0.15628270025799332,-0.1119924113981218,0.23625462789600732
39,0.7000000000000001,sft,allenai/Olmo-3-7B-Instruct-SFT,given,female,programmer,no,0.3112783431460204,0.2999779656373941,0.9368863485977525,10,female,1,1,0,0,0.3427909802030929,0.008197836327974432,-0.6518913164871134,0.47448307694780895
39,1.0,base,allenai/Olmo-3-1025-7B,given,female,programmer,no,0.17791128989135785,0.44910096803960453,1.8810123284657796,10,female,1,0,0,0,1.3711639208123716,-1.0461666717901432,0.5877518595516116,1.4968034908488017
39,1.0,dpo,allenai/Olmo-3-7B-Instruct-DPO,given,female,programmer,no,0.19238978980440222,0.33111267066234584,1.6105453731535984,10,female,1,0,1,0,1.3711639208123716,-0.9317034961664323,-0.40640046248208883,1.2566850817479844
39,1.0,rlvr,allenai/Olmo-3-7B-Instruct,given,female,programmer,no,0.1326070506524807,0.46911231198698455,1.5988288394872388,10,female,1,0,0,1,1.3711639208123716,-1.4043299569123948,0.7654243972157438,1.245572877890101
39,1.0,sft,allenai/Olmo-3-7B-Instruct-SFT,given,female,programmer,no,0.13611198717522552,0.37874580860247026,1.7504655009017633,10,female,1,1,0,0,1.3711639208123716,-1.376620859480868,-0.016612941618338928,1.3846234427145487
40,0.2,base,allenai/Olmo-3-1025-7B,given,male,politician,yes,0.5514953866277691,0.156632761937833,0.17353342356616333,10,male,0,0,0,0,-1.371163920812372,1.9072899937335581,-1.6685254571054213,-1.4842500552454208
40,0.2,dpo,allenai/Olmo-3-7B-Instruct-DPO,given,male,politician,yes,0.40100602592107093,0.16753237103673707,0.19130918344259112,10,male,0,0,1,0,-1.371163920812372,0.7175610696375267,-1.5989132193276576,-1.387979203395234
40,0.2,rlvr,allenai/Olmo-3-7B-Instruct,given,male,politician,yes,0.3938713536586211,0.15422549845073188,0.19654889628047872,10,male,0,0,0,1,-1.371163920812372,0.6611562453049555,-1.6836979082975616,-1.3609729697160096
40,0.2,sft,allenai/Olmo-3-7B-Instruct-SFT,given,male,politician,yes,0.47956111495392095,0.14708421789675322,0.20419868656259244,10,male,0,1,0,0,-1.371163920812372,1.3385967436442197,-1.7282649350603068,-1.3225622834200406
40,0.5,base,allenai/Olmo-3-1025-7B,given,male,politician,yes,0.4741174703076805,0.2750292336040322,0.48777357096444895,10,male,0,0,0,0,-0.34279098020309323,1.2955607346019902,-0.8429030980795719,-0.3624925805980436
40,0.5,dpo,allenai/Olmo-3-7B-Instruct-DPO,given,male,politician,yes,0.29096371301143065,0.33134611397405356,0.5825501114369785,10,male,0,0,1,0,-0.34279098020309323,-0.15240423507386466,-0.40453117841534997,-0.1454552186892812
40,0.5,rlvr,allenai/Olmo-3-7B-Instruct,given,male,politician,yes,0.29355107727895774,0.4265339635685448,0.5293115075110768,10,male,0,0,0,1,-0.34279098020309323,-0.13194922023564618,0.3903773231302428,-0.2635506483210776
40,0.5,sft,allenai/Olmo-3-7B-Instruct-SFT,given,male,politician,yes,0.29678957636861775,0.5706751165082847,0.45509155903058857,10,male,0,1,0,0,-0.34279098020309323,-0.10634650639904146,1.703032187175695,-0.4452020727104086
40,0.7000000000000001,base,allenai/Olmo-3-1025-7B,given,male,politician,yes,0.401364792318257,0.3226160729035555,0.8018352957504489,10,male,0,0,0,0,0.3427909802030929,0.720397381505167,-0.4741511238661663,0.26490105524683816
40,0.7000000000000001,dpo,allenai/Olmo-3-7B-Instruct-DPO,given,male,politician,yes,0.20725034058521527,0.5029830161465847,0.853002635565187,10,male,0,0,1,0,0.3427909802030929,-0.8142199278337227,1.0716150301502303,0.34741338786947756
40,0.7000000000000001,rlvr,allenai/Olmo-3-7B-Instruct,given,male,politician,yes,0.2243926320330526,0.39790082256567366,0.842680329766751,10,male,0,0,0,1,0.3427909802030929,-0.6786975236916447,0.14468074356495375,0.3310932227377934
40,0.7000000000000001,sft,allenai/Olmo-3-7B-Instruct-SFT,given,male,politician,yes,0.24221610215483852,0.38509326460479293,0.8175656426469118,10,male,0,1,0,0,0.3427909802030929,-0.537789901836711,0.03655603223490155,0.29070611082687053
40,1.0,base,allenai/Olmo-3-1025-7B,given,male,politician,yes,0.26400929287773783,0.452418890460221,1.5813900953928626,10,male,0,0,0,0,1.3711639208123716,-0.36549872304761427,0.6170403178439351,1.2289121972951236
40,1.0,dpo,allenai/Olmo-3-7B-Instruct-DPO,given,male,politician,yes,0.10432982420146938,0.4483451110501143,1.686355371224383,10,male,0,0,1,0,1.3711639208123716,-1.6278822003666669,0.5810891969112831,1.3270605012379526
40,1.0,rlvr,allenai/Olmo-3-7B-Instruct,given,male,politician,yes,0.1889002742635034,0.36856744475572056,1.480556597910815,10,male,0,0,0,1,1.3711639208123716,-0.9592906794104445,-0.10128290868365526,1.129583008477977
40,1.0,sft,allenai/Olmo-3-7B-Instruct-SFT,given,male,politician,yes,0.1537478585229956,0.5066385050606195,1.6846227918465928,10,male,0,1,0,0,1.3711639208123716,-1.2371963437174447,1.1050604225310137,1.3254806997467787
41,0.2,base,allenai/Olmo-3-1025-7B,given,female,politician,yes,0.5368887767485963,0.3154041114758295,0.1613479817318498,10,female,1,0,0,0,-1.371163920812372,1.7918140147365573,-0.5312175353978229,-1.5549156234159067
41,0.2,dpo,allenai/Olmo-3-7B-Instruct-DPO,given,female,politician,yes,0.4552521317530322,0.14574362884201492,0.1902969593974598,10,female,1,0,1,0,-1.371163920812372,1.1464163775794802,-1.7365561537359357,-1.3932644843222157
41,0.2,rlvr,allenai/Olmo-3-7B-Instruct,given,female,politician,yes,0.4242446580966699,0.18367842194948902,0.1755843925997984,10,female,1,0,0,1,-1.371163920812372,0.9012795247223598,-1.4931496622826212,-1.4727497955717836
41,0.2,sft,allenai/Olmo-3-7B-Instruct-SFT,given,female,politician,yes,0.42322659105167343,0.25409875796230713,0.20161239508005319,10,female,1,1,0,0,-1.371163920812372,0.893230957006919,-0.9989914612339229,-1.335417465024655
41,0.5,base,allenai/Olmo-3-1025-7B,given,female,politician,yes,0.47351330383123635,0.28795556896701463,0.48738027846017823,10,female,1,0,0,0,-0.34279098020309323,1.2907843548724245,-0.7445914342717698,-0.3634611325120759
41,0.5,dpo,allenai/Olmo-3-7B-Instruct-DPO,given,female,politician,yes,0.3777885557166301,0.26353464994715337,0.529889229402128,10,female,1,0,1,0,-0.34279098020309323,0.5340099154772209,-0.9291077539076128,-0.26221907465745226
41,0.5,rlvr,allenai/Olmo-3-7B-Instruct,given,female,politician,yes,0.3279561603839554,0.3440047908060644,0.515125928513363,10,female,1,0,0,1,-0.34279098020309323,0.1400482307052266,-0.30254883985323533,-0.29661770887745714
41,0.5,sft,allenai/Olmo-3-7B-Instruct-SFT,given,female,politician,yes,0.37206656437895436,0.3434590585100652,0.6107706458354316,10,female,1,1,0,0,-0.34279098020309323,0.4887733714059908,-0.3069702862213197,-0.08632713157360697
41,0.7000000000000001,base,allenai/Olmo-3-1025-7B,given,female,politician,yes,0.3657394405177279,0.41848952578104687,0.8438248752585297,10,female,1,0,0,0,0.3427909802030929,0.4387528102932991,0.32080564467981015,0.3329106835528914
41,0.7000000000000001,dpo,allenai/Olmo-3-7B-Instruct-DPO,given,female,politician,yes,0.24603955734568556,0.37522359800731603,0.8606876162960682,10,female,1,0,1,0,0.3427909802030929,-0.5075626803961102,-0.04599537002635565,0.3594613614921648
41,0.7000000000000001,rlvr,allenai/Olmo-3-7B-Instruct,given,female,politician,yes,0.20418103825540043,0.3854084799183012,0.7813984643162157,10,female,1,0,0,1,0.3427909802030929,-0.8384850170162932,0.0392036803677227,0.230762500636526
41,0.7000000000000001,sft,allenai/Olmo-3-7B-Instruct-SFT,given,female,politician,yes,0.26913790831352336,0.4714390224952997,0.8683491215061764,10,female,1,1,0,0,0.3427909802030929,-0.32495325128890656,0.7862403547831232,0.37138705918018383
41,1.0,base,allenai/Olmo-3-1025-7B,given,female,politician,yes,0.26448548363293295,0.4209060879461758,1.5381966298421221,10,female,1,0,0,0,1.3711639208123716,-0.36173408538696966,0.34166101410452543,1.1870030340469135
41,1.0,dpo,allenai/Olmo-3-7B-Instruct-DPO,given,female,politician,yes,0.18414363637250727,0.42309720550388025,1.5496550492296612,10,female,1,0,1,0,1.3711639208123716,-0.9968953954767102,0.36060353570423687,1.1982117051001084
41,1.0,rlvr,allenai/Olmo-3-7B-Instruct,given,female,politician,yes,0.16701219771470208,0.3525060968542216,1.5061058164288599,10,female,1,0,0,1,1.3711639208123716,-1.132332000342695,-0.23338733334556314,1.1552517329680434
41,1.0,sft,allenai/Olmo-3-7B-Instruct-SFT,given,female,politician,yes,0.1234403553287794,0.5329261095205908,1.768343316806869,10,female,1,1,0,0,1.3711639208123716,-1.4767994159742797,1.3478040203153967,1.4003739894548282
42,0.2,base,allenai/Olmo-3-1025-7B,given,male,politician,no,0.5880540118267698,0.22341568507256607,0.19112330415934203,10,male,0,0,0,0,-1.371163920812372,2.196312776607944,-1.2204782174069164,-1.3889480816449233
42,0.2,dpo,allenai/Olmo-3-7B-Instruct-DPO,given,male,politician,no,0.4491538434917901,0.1691157994805315,0.21539187546020214,10,male,0,0,1,0,-1.371163920812372,1.0982049299541858,-1.5886783517604761,-1.2683861040658797
42,0.2,rlvr,allenai/Olmo-3-7B-Instruct,given,male,politician,no,0.4353187937454179,0.24299945263987555,0.183281477629986,10,male,0,0,0,1,-1.371163920812372,0.9888287004834078,-1.0801481291293527,-1.4305277852262388
42,0.2,sft,allenai/Olmo-3-7B-Instruct-SFT,given,male,politician,no,0.56893570062774,0.15765259542262558,0.18894186028697063,10,male,0,1,0,0,-1.371163920812372,2.0451684850344973,-1.6620753240741373,-1.400375438980584
42,0.5,base,allenai/Olmo-3-1025-7B,given,male,politician,no,0.42859518465262997,0.29094219899618323,0.5413424125298301,10,male,0,0,0,0,-0.34279098020309323,0.9356736324145405,-0.7216749117343298,-0.23605801288283307
42,0.5,dpo,allenai/Olmo-3-7B-Instruct-DPO,given,male,politician,no,0.2975321029220762,0.3932665607244041,0.5708855692068909,10,male,0,0,1,0,-0.34279098020309323,-0.10047628864138469,0.10542803015320508,-0.1705668386835792
42,0.5,rlvr,allenai/Olmo-3-7B-Instruct,given,male,politician,no,0.3395393027106114,0.4451018337351267,0.5120812102550651,10,male,0,0,0,1,-0.34279098020309323,0.23162147809779285,0.5525410164713801,-0.3038099494771229
42,0.5,sft,allenai/Olmo-3-7B-Instruct-SFT,given,male,politician,no,0.3144226542951413,0.5390310664231595,0.5086398439373,10,male,0,1,0,0,-0.34279098020309323,0.03305592531778512,1.4047292670067493,-0.31198050999068355
42,0.7000000000000001,base,allenai/Olmo-3-1025-7B,given,male,politician,no,0.40203306429072466,0.2962176946611703,0.8085868566346661,10,male,0,0,0,0,0.3427909802030929,0.7256805622634204,-0.6810140231174884,0.2760259743701236
42,0.7000000000000001,dpo,allenai/Olmo-3-7B-Instruct-DPO,given,male,politician,no,0.22980479701969744,0.4459062697706936,0.9339598482744181,10,male,0,0,1,0,0.3427909802030929,-0.6359103844789217,0.5596157564388109,0.4702065193225755
42,0.7000000000000001,rlvr,allenai/Olmo-3-7B-Instruct,given,male,politician,no,0.25470161414032516,0.43467136882107804,0.8282503112158377,10,male,0,0,0,1,0.3427909802030929,-0.43908275954090376,0.46117663754432686,0.30800799502602916
42,0.7000000000000001,sft,allenai/Olmo-3-7B-Instruct-SFT,given,male,politician,no,0.23833668898368307,0.5232138830778678,0.764146898342672,10,male,0,1,0,0,0.3427909802030929,-0.5684595122102856,1.2576681243420553,0.20138349830028002
42,1.0,base,allenai/Olmo-3-1025-7B,given,male,politician,no,0.21724064191974307,0.45560087658942394,1.6677497787475581,10,male,0,0,0,0,1.3711639208123716,-0.7352392583544491,0.6451927349603901,1.3100270868255413
42,1.0,dpo,allenai/Olmo-3-7B-Instruct-DPO,given,male,politician,no,0.1264332174663564,0.5267035457302467,1.9361037674268395,10,male,0,0,1,0,1.3711639208123716,-1.453138642653254,1.2899941000001813,1.5422788775097611
42,1.0,rlvr,allenai/Olmo-3-7B-Instruct,given,male,politician,no,0.13098815005803513,0.5026035041909214,1.6583858121612838,10,male,0,0,0,1,1.3711639208123716,-1.4171285551216197,1.0681471326095218,1.3013967294164779
42,1.0,sft,allenai/Olmo-3-7B-Instruct-SFT,given,male,politician,no,0.1283484241082518,0.45078632816749953,1.8728991822370635,10,male,0,1,0,0,1.3711639208123716,-1.4379975275153891,0.6026205976247121,1.4900166319828143
43,0.2,base,allenai/Olmo-3-1025-7B,given,female,politician,no,0.5327921386867206,0.19077219553338576,0.194979682185821,10,female,1,0,0,0,-1.371163920812372,1.7594270820598659,-1.4457278328906369,-1.3689998108046773
43,0.2,dpo,allenai/Olmo-3-7B-Instruct-DPO,given,female,politician,no,0.4058904413419417,0.12629520657985965,0.1854312376350454,10,female,1,0,1,0,-1.371163920812372,0.7561759609243364,-1.8540483564138346,-1.4189894992093093
43,0.2,rlvr,allenai/Olmo-3-7B-Instruct,given,female,politician,no,0.46024095167037976,0.1251150943162804,0.1824811335783977,10,female,1,0,0,1,-1.371163920812372,1.1858566630913754,-1.8610032819853222,-1.4348511274071234
43,0.2,sft,allenai/Olmo-3-7B-Instruct-SFT,given,female,politician,no,0.5665881567153833,0.10367126566058042,0.1912324383711593,10,female,1,1,0,0,-1.371163920812372,2.026609426241233,-1.9836278203895081,-1.3883791384126285
43,0.5,base,allenai/Olmo-3-1025-7B,given,female,politician,no,0.4679340736554014,0.2848632162049227,0.5336008654254455,10,female,1,0,0,0,-0.34279098020309323,1.246676442637239,-0.7682400543498275,-0.253691862716415
43,0.5,dpo,allenai/Olmo-3-7B-Instruct-DPO,given,female,politician,no,0.3774311867133196,0.15644095150085732,0.566989400157661,10,female,1,0,1,0,-0.34279098020309323,0.5311846510344903,-1.6697371179115987,-0.1790461480015979
43,0.5,rlvr,allenai/Olmo-3-7B-Instruct,given,female,politician,no,0.324035085710588,0.3029947601942093,0.5347322629201625,10,female,1,0,0,1,-0.34279098020309323,0.1090492555581549,-0.6284430027743858,-0.25110200970407187
43,0.5,sft,allenai/Olmo-3-7B-Instruct-SFT,given,female,politician,no,0.40145415843070925,0.3041182105206792,0.6202298739241131,10,female,1,1,0,0,-0.34279098020309323,0.7211038862595176,-0.6196919496547759,-0.0669977754677852
43,0.7000000000000001,base,allenai/Olmo-3-1025-7B,given,female,politician,no,0.39932025639100754,0.38717108471042905,0.8662141286954281,10,female,1,0,0,0,0.3427909802030929,0.7042338233799984,0.05402128015407343,0.36807228410591525
43,0.7000000000000001,dpo,allenai/Olmo-3-7B-Instruct-DPO,given,female,politician,no,0.2239346464604474,0.4273108591779065,0.9260456007136844,10,female,1,0,1,0,0.3427909802030929,-0.6823182360130231,0.39711837666587985,0.45858725322746346
43,0.7000000000000001,rlvr,allenai/Olmo-3-7B-Instruct,given,female,politician,no,0.2686729370746509,0.3605578996434947,0.8389408713687578,10,female,1,0,0,1,0.3427909802030929,-0.3286291904327872,-0.1673940846731141,0.3251413988718601
43,0.7000000000000001,sft,allenai/Olmo-3-7B-Instruct-SFT,given,female,politician,no,0.2572362979853042,0.4427290352435176,0.8484063490663412,10,female,1,1,0,0,0.3427909802030929,-0.4190442221343438,0.5316966408838898,0.3401660407802242
43,1.0,base,allenai/Olmo-3-1025-7B,given,female,politician,no,0.22977191419235615,0.3901588134963555,1.6757774543762203,10,female,1,0,0,0,1.3711639208123716,-0.6361703473800217,0.07918681611391805,1.3173949960167886
43,1.0,dpo,allenai/Olmo-3-7B-Instruct-DPO,given,female,politician,no,0.15644547486885907,0.5028657025285368,1.766665157459676,10,female,1,0,1,0,1.3711639208123716,-1.2158697052247533,1.0705429554471246,1.3989009518825286
43,1.0,rlvr,allenai/Olmo-3-7B-Instruct,given,female,politician,no,0.1020423342415462,0.4983358969788261,1.6274496540215981,10,female,1,0,0,1,1.3711639208123716,-1.645966488559,1.0292077995471982,1.2726038920045517
43,1.0,sft,allenai/Olmo-3-7B-Instruct-SFT,given,female,politician,no,0.12769911361617822,0.4864883695628472,1.837359525190045,10,female,1,1,0,0,1.3711639208123716,-1.4431308038447674,0.9216604666695518,1.460006292171254
44,0.2,base,allenai/Olmo-3-1025-7B,given,male,artist,yes,0.5599891331508208,0.09008736857658263,0.17642192342738452,10,male,0,0,0,0,-1.371163920812372,1.97443929827549,-2.0573380047419723,-1.4680844919567264
44,0.2,dpo,allenai/Olmo-3-7B-Instruct-DPO,given,male,artist,yes,0.2913755876700606,0.3587163916882058,0.18847864121563243,10,male,0,0,1,0,-1.371163920812372,-0.14914806339386605,-0.18252876881582336,-1.4028155752567497
44,0.2,rlvr,allenai/Olmo-3-7B-Instruct,given,male,artist,yes,0.3567608159923149,0.5173295114007075,0.1501563030218928,10,male,0,0,0,1,-1.371163920812372,0.3677701890214794,1.2033136015330292,-1.6236908648665618
44,0.2,sft,allenai/Olmo-3-7B-Instruct-SFT,given,male,artist,yes,0.4845874662943721,0.19455596363093808,0.20936455585222422,10,male,0,1,0,0,-1.371163920812372,1.3783337426209017,-1.4202029272488306,-1.2972708541114242
44,0.5,base,allenai/Olmo-3-1025-7B,given,male,artist,yes,0.4041828160938722,0.2192207457732815,0.5083477484898129,10,male,0,0,0,0,-0.34279098020309323,0.7426759291639217,-1.2500458523613058,-0.3126760455231186
44,0.5,dpo,allenai/Olmo-3-7B-Instruct-DPO,given,male,artist,yes,0.24693967284860655,0.37149271437570774,0.6013803195511529,10,male,0,0,1,0,-0.34279098020309323,-0.500446606250912,-0.07702351688232972,-0.10575434697967696
44,0.5,rlvr,allenai/Olmo-3-7B-Instruct,given,male,artist,yes,0.3219970007049859,0.5090098266053484,0.44234828979099144,10,male,0,0,0,1,-0.34279098020309323,0.09293669670652231,1.1267973999123202,-0.4787449489077876
44,0.5,sft,allenai/Olmo-3-7B-Instruct-SFT,given,male,artist,yes,0.3804814977014555,0.5525225233795309,0.3258841035779831,10,male,0,1,0,0,-0.34279098020309323,0.5552995997127972,1.5312519619911003,-0.827879695517393
44,0.7000000000000001,base,allenai/Olmo-3-1025-7B,given,male,artist,yes,0.3617173408098007,0.2749259064037893,0.8104024341081576,10,male,0,0,0,0,0.3427909802030929,0.4069551580496601,-0.8436831709285147,0.2790049023521201
44,0.7000000000000001,dpo,allenai/Olmo-3-7B-Instruct-DPO,given,male,artist,yes,0.2347459939902522,0.4277434718099093,0.9719776347199767,10,male,0,0,1,0,0.3427909802030929,-0.5968465933383496,0.4008737992339298,0.524947069924556
44,0.7000000000000001,rlvr,allenai/Olmo-3-7B-Instruct,given,male,artist,yes,0.2234841150725287,0.3867333064527243,0.8530891976382671,10,male,0,0,0,1,0.3427909802030929,-0.6858800175296891,0.05033903588947706,0.3475495770756015
44,0.7000000000000001,sft,allenai/Olmo-3-7B-Instruct-SFT,given,male,artist,yes,0.36687233720867,0.5418701808839187,0.49624803122403643,10,male,0,1,0,0,0.3427909802030929,0.44770919069718335,1.431272101422143,-0.34177315127220526
44,1.0,base,allenai/Olmo-3-1025-7B,given,male,artist,yes,0.15733294093212694,0.42119695910456584,1.8548086446126297,10,male,0,0,0,0,1.3711639208123716,-1.208853634190461,0.34417384447722166,1.4747982035160365
44,1.0,dpo,allenai/Olmo-3-7B-Instruct-DPO,given,male,artist,yes,0.0947267399837968,0.4338157913484813,1.7912552287727592,10,male,0,0,1,0,1.3711639208123716,-1.7038016341435336,0.45371282490223946,1.4203742075227017
44,1.0,rlvr,allenai/Olmo-3-7B-Instruct,given,male,artist,yes,0.13133609868646615,0.39056995416087303,1.519820555957965,10,male,0,0,0,1,1.3711639208123716,-1.414377765661156,0.08265462495976746,1.1688870471933992
44,1.0,sft,allenai/Olmo-3-7B-Instruct-SFT,given,male,artist,yes,0.1195944814850216,0.3827553638203639,1.965677427708511,10,male,0,1,0,0,1.3711639208123716,-1.5072038733316386,0.016940280557979182,1.5662644351196255
45,0.2,base,allenai/Olmo-3-1025-7B,given,female,artist,yes,0.49464598897354956,0.23277910848426014,0.1651628975659612,10,female,1,0,0,0,-1.371163920812372,1.4578537519351593,-1.1538488118121517,-1.5323455270174196
45,0.2,dpo,allenai/Olmo-3-7B-Instruct-DPO,given,female,artist,yes,0.3301300300776169,0.3504843112030611,0.20104290866602584,10,female,1,0,1,0,-1.371163920812372,0.1572342672437531,-0.249883704480248,-1.3382658319657215
45,0.2,rlvr,allenai/Olmo-3-7B-Instruct,given,female,artist,yes,0.3268155166786371,0.3412660322304684,0.19212650038032802,10,female,1,0,0,1,-1.371163920812372,0.13103060446286294,-0.32471544583239575,-1.3837279420677515
45,0.2,sft,allenai/Olmo-3-7B-Instruct-SFT,given,female,artist,yes,0.5065018151733405,0.14845140147350583,0.22142094001276794,10,female,1,1,0,0,-1.371163920812372,1.5515827656189751,-1.719784576106998,-1.240133634290472
45,0.5,base,allenai/Olmo-3-1025-7B,given,female,artist,yes,0.3825723557112905,0.3009915908940372,0.5013331663986145,10,female,1,0,0,0,-0.34279098020309323,0.5718293679223038,-0.6440211046508296,-0.3294760647722732
45,0.5,dpo,allenai/Olmo-3-7B-Instruct-DPO,given,female,artist,yes,0.2801367750603188,0.44504385368516347,0.5458476994904455,10,female,1,0,1,0,-0.34279098020309323,-0.2379991314794379,0.5520312579360998,-0.22588856867295798
45,0.5,rlvr,allenai/Olmo-3-7B-Instruct,given,female,artist,yes,0.4160919717456258,0.49439406395913665,0.4667830220159558,10,female,1,0,0,1,-0.34279098020309323,0.8368265513336013,0.9933345471857138,-0.41508318703351066
45,0.5,sft,allenai/Olmo-3-7B-Instruct-SFT,given,female,artist,yes,0.3091356110293513,0.40485978977089043,0.4873198010045616,10,female,1,1,0,0,-0.34279098020309323,-0.008742034795268859,0.2038957857882191,-0.36361012440801294
45,0.7000000000000001,base,allenai/Olmo-3-1025-7B,given,female,artist,yes,0.33578490935264216,0.354255200644247,0.7416071015764503,10,female,1,0,0,0,0.3427909802030929,0.20194024116892062,-0.21909168080091287,0.16218741332279155
45,0.7000000000000001,dpo,allenai/Olmo-3-7B-Instruct-DPO,given,female,artist,yes,0.15862778557862947,0.3403217600991103,0.9177724188181543,10,female,1,0,1,0,0.3427909802030929,-1.1986169362543364,-0.33234505654892493,0.44635567019131467
45,0.7000000000000001,rlvr,allenai/Olmo-3-7B-Instruct,given,female,artist,yes,0.2480529154151756,0.32483101983147455,0.8444913211548458,10,female,1,0,0,1,0.3427909802030929,-0.4916456061352728,-0.45654322242896406,0.33396804508267586
45,0.7000000000000001,sft,allenai/Olmo-3-7B-Instruct-SFT,given,female,artist,yes,0.27544082421836713,0.45133209596411744,0.7411754726551399,10,female,1,1,0,0,0.3427909802030929,-0.2751240718510821,0.607439294357259,0.1614275632345116
45,1.0,base,allenai/Olmo-3-1025-7B,given,female,artist,yes,0.22529412063422727,0.36241619970696193,1.6073382549285884,10,female,1,0,0,0,1.3711639208123716,-0.6715705941962717,-0.15209658128762993,1.25364983795872
45,1.0,dpo,allenai/Olmo-3-7B-Instruct-DPO,given,female,artist,yes,0.10868348873192799,0.43988696099152447,1.75124311051021,10,female,1,0,1,0,1.3711639208123716,-1.5934632846813732,0.5067763008015927,1.385311199369232
45,1.0,rlvr,allenai/Olmo-3-7B-Instruct,given,female,artist,yes,0.12225957598407339,0.3764263122002255,1.7673480043162897,10,female,1,0,0,1,1.3711639208123716,-1.4861343439238364,-0.03597204635674076,1.3995004694112931
45,1.0,sft,allenai/Olmo-3-7B-Instruct-SFT,given,female,artist,yes,0.12131849185626638,0.45098892370323423,1.9957878157993156,10,female,1,1,0,0,1.3711639208123716,-1.4935743051383827,0.6044091402140036,1.5903901407324184
46,0.2,base,allenai/Olmo-3-1025-7B,given,male,artist,no,0.5329523077123204,0.08706582547630821,0.18134756790375742,10,male,0,0,0,0,-1.371163920812372,1.760693335844223,-2.0732781932027198,-1.441000549854968
46,0.2,dpo,allenai/Olmo-3-7B-Instruct-DPO,given,male,artist,no,0.3743342379831104,0.1435153785076035,0.22526825251332774,10,male,0,0,1,0,-1.371163920812372,0.5067009967517567,-1.7502839622368738,-1.2224254595715849
46,0.2,rlvr,allenai/Olmo-3-7B-Instruct,given,male,artist,no,0.45109698424405853,0.11132288938907932,0.2118007619142352,10,male,0,0,0,1,-1.371163920812372,1.113566884750905,-1.9407133914402996,-1.2855166143817884
46,0.2,sft,allenai/Olmo-3-7B-Instruct-SFT,given,male,artist,no,0.4242581452694375,0.12337250495050327,0.22433427392981603,10,male,0,1,0,0,-1.371163920812372,0.9013861507288135,-1.8712352015705205,-1.2267019196971718
46,0.5,base,allenai/Olmo-3-1025-7B,given,male,artist,no,0.41585020554945185,0.21115675825968164,0.5483627965334371,10,male,0,0,0,0,-0.34279098020309323,0.8349152119863805,-1.3063807628149542,-0.22024064139187524
46,0.5,dpo,allenai/Olmo-3-7B-Instruct-DPO,given,male,artist,no,0.2577949076845,0.45070540061527264,0.5946957662414116,10,male,0,0,1,0,-0.34279098020309323,-0.414628002188343,0.6019062286023604,-0.11973229815967425
46,0.5,rlvr,allenai/Olmo-3-7B-Instruct,given,male,artist,no,0.2628654194687485,0.4405053316582038,0.563994671044026,10,male,0,0,0,1,-0.34279098020309323,-0.37454188246957065,0.512194075828808,-0.18559541784657685
46,0.5,sft,allenai/Olmo-3-7B-Instruct-SFT,given,male,artist,no,0.310728076669928,0.5488477513706987,0.4939333689575826,10,male,0,1,0,0,-0.34279098020309323,0.0038475756883308756,1.4966920705692852,-0.34740401891268696
46,0.7000000000000001,base,allenai/Olmo-3-1025-7B,given,male,artist,no,0.3546381451306723,0.3285347279969964,0.8267620492167767,10,male,0,0,0,0,0.3427909802030929,0.3509889168533159,-0.42701542415824995,0.3056087811492358
46,0.7000000000000001,dpo,allenai/Olmo-3-7B-Instruct-DPO,given,male,artist,no,0.21338843647113384,0.4015854947982996,0.9912938326881517,10,male,0,0,1,0,0.3427909802030929,-0.7656937716984396,0.17599379425060135,0.5521053330584808
46,0.7000000000000001,rlvr,allenai/Olmo-3-7B-Instruct,given,male,artist,no,0.1987820953964035,0.4227341192720567,0.9300377829923274,10,male,0,0,0,1,0.3427909802030929,-0.8811676255988975,0.3574624537174486,0.46445825683667497
46,0.7000000000000001,sft,allenai/Olmo-3-7B-Instruct-SFT,given,male,artist,no,0.22394221918245621,0.46015130166653323,0.9489453634697871,10,male,0,1,0,0,0.3427909802030929,-0.6822583680837174,0.6855604617017478,0.4919930779018769
46,1.0,base,allenai/Olmo-3-1025-7B,given,male,artist,no,0.19984244541413052,0.43060057973400767,1.6987332693735755,10,male,0,0,0,0,1.3711639208123716,-0.872784779929068,0.42570591435258825,1.3383092575707836
46,1.0,dpo,allenai/Olmo-3-7B-Instruct-DPO,given,male,artist,no,0.11932985585061469,0.5365640877369354,1.8542115064095703,10,male,0,0,1,0,1.3711639208123716,-1.509295933327327,1.381701402726652,1.4742938452916112
46,1.0,rlvr,allenai/Olmo-3-7B-Instruct,given,male,artist,no,0.17274594903303886,0.40340260720336735,1.7263673210944976,10,male,0,0,0,1,1.3711639208123716,-1.0870024849871593,0.19146951465925816,1.3631875012786614
46,1.0,sft,allenai/Olmo-3-7B-Instruct-SFT,given,male,artist,no,0.11677039929875725,0.6504939179174755,1.7506457141476368,10,male,0,1,0,0,1.3711639208123716,-1.5295303171762067,2.4785067723891885,1.3847828540650375
47,0.2,base,allenai/Olmo-3-1025-7B,given,female,artist,no,0.5215736524858756,0.23590981548950343,0.18445723720418963,10,female,1,0,0,0,-1.371163920812372,1.6707367091654621,-1.1313793795929308,-1.4242038480345207
47,0.2,dpo,allenai/Olmo-3-7B-Instruct-DPO,given,female,artist,no,0.4078853682596796,0.2449324242807147,0.22422854864056935,10,female,1,0,1,0,-1.371163920812372,0.7719473233937159,-1.0660972284824544,-1.2271869080953655
47,0.2,rlvr,allenai/Olmo-3-7B-Instruct,given,female,artist,no,0.4862212825873398,0.2129710207339846,0.20256791322324402,10,female,1,0,0,1,-1.371163920812372,1.3912502603818582,-1.2937647190433712,-1.3306527512306
47,0.2,sft,allenai/Olmo-3-7B-Instruct-SFT,given,female,artist,no,0.4667719192853317,0.22965540691489336,0.2064155156447378,10,female,1,1,0,0,-1.371163920812372,1.2374887587913934,-1.1761728779187777,-1.3116469130848412
47,0.5,base,allenai/Olmo-3-1025-7B,given,female,artist,no,0.42742679509884146,0.2795501756575017,0.5216889700637276,10,female,1,0,0,0,-0.34279098020309323,0.9264366548619342,-0.8086816089887713,-0.2812295445402501
47,0.5,dpo,allenai/Olmo-3-7B-Instruct-DPO,given,female,artist,no,0.30513107455585053,0.28334508631018845,0.6463682666212012,10,female,1,0,1,0,-0.34279098020309323,-0.04040083677135631,-0.7798202438115787,-0.014786811106282488
47,0.5,rlvr,allenai/Olmo-3-7B-Instruct,given,female,artist,no,0.297205425224226,0.4993772270860354,0.543486700575162,10,female,1,0,0,1,-0.34279098020309323,-0.10305891577305946,1.0386996123999988,-0.231209452645326
47,0.5,sft,allenai/Olmo-3-7B-Instruct-SFT,given,female,artist,no,0.33773561828784426,0.5151020994850313,0.5690115721487055,10,female,1,1,0,0,-0.34279098020309323,0.21736202801022267,1.182789638783185,-0.17463944999266837
47,0.7000000000000001,base,allenai/Olmo-3-1025-7B,given,female,artist,no,0.345791751085804,0.31846346209988435,0.7991630163950221,10,female,1,0,0,0,0.3427909802030929,0.2810516746475799,-0.507059542708762,0.26047705965361917
47,0.7000000000000001,dpo,allenai/Olmo-3-7B-Instruct-DPO,given,female,artist,no,0.232914908000504,0.30693450407717954,0.9606014041480717,10,female,1,0,1,0,0.3427909802030929,-0.6113226729381315,-0.5977096639895021,0.508749356196358
47,0.7000000000000001,rlvr,allenai/Olmo-3-7B-Instruct,given,female,artist,no,0.2217450637140645,0.45283396269156084,0.8796613576822946,10,female,1,0,0,1,0.3427909802030929,-0.6996284957738476,0.6207091001844701,0.38884221697124627
47,0.7000000000000001,sft,allenai/Olmo-3-7B-Instruct-SFT,given,female,artist,no,0.22778399542509373,0.3788055477512267,0.992092285278282,10,female,1,1,0,0,0.3427909802030929,-0.6518863052727191,-0.016113846918038063,0.553218789729528
47,1.0,base,allenai/Olmo-3-1025-7B,given,female,artist,no,0.23269190692934782,0.4022001047707601,1.5720925588607786,10,female,1,0,0,0,1.3711639208123716,-0.613085660189941,0.18122574141420472,1.2199692595427818
47,1.0,dpo,allenai/Olmo-3-7B-Instruct-DPO,given,female,artist,no,0.1273499766393443,0.3981270039671288,2.0327235524281857,10,female,1,0,1,0,1.3711639208123716,-1.4458909880721451,0.14660024335352267,1.6195895941877132
47,1.0,rlvr,allenai/Olmo-3-7B-Instruct,given,female,artist,no,0.1353777181303226,0.4256018024175123,1.7473499660164429,10,female,1,0,0,1,1.3711639208123716,-1.3824257955686223,0.3822941700385762,1.381865451602721
47,1.0,sft,allenai/Olmo-3-7B-Instruct-SFT,given,female,artist,no,0.15701234841351014,0.3503597912989907,1.927579674987743,10,female,1,1,0,0,1.3711639208123716,-1.2113881535110034,-0.2508987185733,1.5353109943001535
48,0.2,base,allenai/Olmo-3-1025-7B,given,male,author,yes,0.5946991648469389,0.19088539933649792,0.15928192891901802,10,male,0,0,0,0,-1.371163920812372,2.2488475918002804,-1.4449664782033487,-1.567317943430904
48,0.2,dpo,allenai/Olmo-3-7B-Instruct-DPO,given,male,author,yes,0.41674247585697705,0.39220146775234055,0.1704759549566856,10,male,0,0,1,0,-1.371163920812372,0.8419692641000297,0.09642717530775635,-1.5015978044357858
48,0.2,rlvr,allenai/Olmo-3-7B-Instruct,given,male,author,yes,0.32407527965509814,0.24574243340520366,0.2010820049149104,10,male,0,0,0,1,-1.371163920812372,0.10936701821016354,-1.0601987628457326,-1.3380700800628094
48,0.2,sft,allenai/Olmo-3-7B-Instruct-SFT,given,male,author,yes,0.4623177283986231,0.1073612335622004,0.2002503927132338,10,male,0,1,0,0,-1.371163920812372,1.2022751084278283,-1.9630531975258498,-1.3422404875162717
48,0.5,base,allenai/Olmo-3-1025-7B,given,male,author,yes,0.3868790347154448,0.32434700206230666,0.48648155801693926,10,male,0,0,0,0,-0.34279098020309323,0.6058768285133929,-0.4603942143025186,-0.365676741664951
48,0.5,dpo,allenai/Olmo-3-7B-Instruct-DPO,given,male,author,yes,0.18019765955233905,0.5102716946726008,0.5804386795785202,10,male,0,0,1,0,-0.34279098020309323,-1.028091240383756,1.1383775277781598,-0.1499707034353126
48,0.5,rlvr,allenai/Olmo-3-7B-Instruct,given,male,author,yes,0.3032280415241331,0.46567879640323134,0.5066991344986038,10,male,0,0,0,1,-0.34279098020309323,-0.055445710579791925,0.7347660404031682,-0.31660772651425717
48,0.5,sft,allenai/Olmo-3-7B-Instruct-SFT,given,male,author,yes,0.24436778122609762,0.2812764408961827,0.5467827153687497,10,male,0,1,0,0,-0.34279098020309323,-0.5207792984662956,-0.7955681421713374,-0.223786458006319
48,0.7000000000000001,base,allenai/Olmo-3-1025-7B,given,male,author,yes,0.3445241997480664,0.3738258318413793,0.7144066960313353,10,male,0,0,0,0,0.3427909802030929,0.27103075036295765,-0.05763147516809278,0.11359517676752877
48,0.7000000000000001,dpo,allenai/Olmo-3-7B-Instruct-DPO,given,male,author,yes,0.2068685000315809,0.39903378468367057,0.9644270800140056,10,male,0,0,1,0,0.3427909802030929,-0.8172386578550235,0.15429914647935494,0.5142135000368641
48,0.7000000000000001,rlvr,allenai/Olmo-3-7B-Instruct,given,male,author,yes,0.19498099057518942,0.4720847011948261,0.8406015348225194,10,male,0,0,0,1,0.3427909802030929,-0.9112181509522025,0.7920227015197476,0.3277871737529253
48,0.7000000000000001,sft,allenai/Olmo-3-7B-Instruct-SFT,given,male,author,yes,0.22926127941638988,0.5548088669539019,0.6773282461572279,10,male,0,1,0,0,0.3427909802030929,-0.640207290322456,1.5527909474960657,0.04491079103840747
48,1.0,base,allenai/Olmo-3-1025-7B,given,male,author,yes,0.17852761033445702,0.4613687762774956,1.830872421264648,10,male,0,0,0,0,1.3711639208123716,-1.041294206027624,0.6963824064292606,1.4544783655350129
48,1.0,dpo,allenai/Olmo-3-7B-Instruct-DPO,given,male,author,yes,0.07325027890069503,0.46211678702959297,2.000518754787743,10,male,0,0,1,0,1.3711639208123716,-1.8735888325062662,0.7030358427314943,1.5941542210316855
48,1.0,rlvr,allenai/Olmo-3-7B-Instruct,given,male,author,yes,0.12378701597902823,0.4150694357372643,1.6331252776868639,10,male,0,0,0,1,1.3711639208123716,-1.4740588089273083,0.291354744191394,1.2779189434278233
48,1.0,sft,allenai/Olmo-3-7B-Instruct-SFT,given,male,author,yes,0.08581304819851708,0.4673438598695224,1.878721382977441,10,male,0,1,0,0,1.3711639208123716,-1.7742709144144042,0.7496247337741879,1.4948894346397115
49,0.2,base,allenai/Olmo-3-1025-7B,given,female,author,yes,0.5238306650876501,0.21763264916131939,0.17246165302316344,10,female,1,0,0,0,-1.371163920812372,1.688580051457372,-1.261192956258922,-1.4903030936388908
49,0.2,dpo,allenai/Olmo-3-7B-Instruct-DPO,given,female,author,yes,0.3453592899472632,0.32614753904875904,0.20617724577832539,10,female,1,0,1,0,-1.371163920812372,0.27763275172403684,-0.44605941564983903,-1.3128156052407771
49,0.2,rlvr,allenai/Olmo-3-7B-Instruct,given,female,author,yes,0.3389168498065921,0.20260431047018435,0.1943198323336422,10,female,1,0,0,1,-1.371163920812372,0.2267005307276817,-1.3653882268160018,-1.3723905347611909
49,0.2,sft,allenai/Olmo-3-7B-Instruct-SFT,given,female,author,yes,0.44512868111019177,0.11245235704670185,0.22522973066817703,10,female,1,1,0,0,-1.371163920812372,1.066383065025779,-1.9342977020413668,-1.22260156063118
49,0.5,base,allenai/Olmo-3-1025-7B,given,female,author,yes,0.37914804561338594,0.3948920783231525,0.4519591814601112,10,female,1,0,0,0,-0.34279098020309323,0.5447576815956449,0.1191797728956161,-0.45337670094854937
49,0.5,dpo,allenai/Olmo-3-7B-Instruct-DPO,given,female,author,yes,0.21849735860959915,0.4155837667885881,0.6031976144978952,10,female,1,0,1,0,-0.34279098020309323,-0.7253039899188949,0.2957788369746814,-0.10197575936868351
49,0.5,rlvr,allenai/Olmo-3-7B-Instruct,given,female,author,yes,0.25017373558840705,0.34654306929672685,0.5708333640761014,10,female,1,0,0,1,-0.34279098020309323,-0.4748789650182473,-0.2819549309500086,-0.1706801469051662
49,0.5,sft,allenai/Olmo-3-7B-Instruct-SFT,given,female,author,yes,0.33720439478995273,0.436713347238857,0.5336080460461652,10,female,1,1,0,0,-0.34279098020309323,0.21316231609947303,0.4790090506985939,-0.2536754118776901
49,0.7000000000000001,base,allenai/Olmo-3-1025-7B,given,female,author,yes,0.2978639695215832,0.4103254306724684,0.7215705158406411,10,female,1,0,0,0,0.3427909802030929,-0.0978526394310966,0.25063045154913516,0.12653483572666424
49,0.7000000000000001,dpo,allenai/Olmo-3-7B-Instruct-DPO,given,female,author,yes,0.15487435906591215,0.44258003099123144,0.9583334164655584,10,female,1,0,1,0,0.3427909802030929,-1.2282905295613877,0.5303888570191545,0.5055017950538424
49,0.7000000000000001,rlvr,allenai/Olmo-3-7B-Instruct,given,female,author,yes,0.2326879277410364,0.37490842053067913,0.849363774671135,10,female,1,0,0,1,0.3427909802030929,-0.6131171185960789,-0.04862035474478784,0.3416782820935802
49,0.7000000000000001,sft,allenai/Olmo-3-7B-Instruct-SFT,given,female,author,yes,0.2540160453932595,0.4712673615941213,0.7249286284068306,10,female,1,1,0,0,0.3427909802030929,-0.44450268400606224,0.784703474678666,0.13256503462474062
49,1.0,base,allenai/Olmo-3-1025-7B,given,female,author,yes,0.17534059600460924,0.4154914720459769,1.8801965008226342,10,female,1,0,0,0,1.3711639208123716,-1.066489895024658,0.29498482282149197,1.4961220912840918
49,1.0,dpo,allenai/Olmo-3-7B-Instruct-DPO,given,female,author,yes,0.09081333889249492,0.4408660448768613,1.8993599693973855,10,female,1,0,1,0,1.3711639208123716,-1.7347399439884739,0.5153555298423156,1.5120657267516104
49,1.0,rlvr,allenai/Olmo-3-7B-Instruct,given,female,author,yes,0.11625078555509104,0.4067945792558694,1.4984361383064804,10,female,1,0,0,1,1.3711639208123716,-1.5336382454529596,0.22041677142856395,1.1475830553455526
49,1.0,sft,allenai/Olmo-3-7B-Instruct-SFT,given,female,author,yes,0.10873034945995624,0.49447302753159494,1.817112141270811,10,female,1,1,0,0,1.3711639208123716,-1.5930928162091995,0.9940522817664973,1.442700533826068
50,0.2,base,allenai/Olmo-3-1025-7B,given,male,author,no,0.49903979993794506,0.33678603338117596,0.1936720278868377,10,male,0,0,0,0,-1.371163920812372,1.4925900546664854,-0.3608537553736279,-1.3757283456059752
50,0.2,dpo,allenai/Olmo-3-7B-Instruct-DPO,given,male,author,no,0.3977144616651147,0.1347210722275806,0.2282505111945008,10,male,0,0,1,0,-1.371163920812372,0.6915388366873575,-1.8038002393475283,-1.2088648311853616
50,0.2,rlvr,allenai/Olmo-3-7B-Instruct,given,male,author,no,0.3846675007419168,0.3110846009883106,0.19081071139272093,10,male,0,0,0,1,-1.371163920812372,0.5883930281797909,-0.5652001563601048,-1.3905791453304384
50,0.2,sft,allenai/Olmo-3-7B-Instruct-SFT,given,male,author,no,0.4044414087640415,0.5179522539383037,0.16757993074931002,10,male,0,1,0,0,-1.371163920812372,0.7447202941463689,1.2090567238923877,-1.5182609089778736
50,0.5,base,allenai/Olmo-3-1025-7B,given,male,author,no,0.37114723686466017,0.36348997835226327,0.5188139488866951,10,male,0,0,0,0,-0.34279098020309323,0.4815054122005237,-0.14324592116843254,-0.28795132130110923
50,0.5,dpo,allenai/Olmo-3-7B-Instruct-DPO,given,male,author,no,0.2846554605228513,0.5132615319215549,0.5393822112527213,10,male,0,0,1,0,-0.34279098020309323,-0.2022756041256011,1.1658513314451928,-0.24050380333005997
50,0.5,rlvr,allenai/Olmo-3-7B-Instruct,given,male,author,no,0.2581300652830015,0.4094900889487644,0.5574827786101733,10,male,0,0,0,1,-0.34279098020309323,-0.4119783352139118,0.2434749324107416,-0.19993319596340173
50,0.5,sft,allenai/Olmo-3-7B-Instruct-SFT,given,male,author,no,0.38709033554958566,0.5511491728509658,0.4004406602395617,10,male,0,1,0,0,-0.34279098020309323,0.6075473167982951,1.5183275637090272,-0.5948115036764497
50,0.7000000000000001,base,allenai/Olmo-3-1025-7B,given,male,author,no,0.3466736741592173,0.4286385523313644,0.7941353968745263,10,male,0,0,0,0,0.3427909802030929,0.2880239242759934,0.4086476266407856,0.25212154652103724
50,0.7000000000000001,dpo,allenai/Olmo-3-7B-Instruct-DPO,given,male,author,no,0.2263761798235947,0.4210229911005641,1.0564170050867485,10,male,0,0,1,0,0.3427909802030929,-0.6630161215802084,0.3426708722093283,0.6406499365769999
50,0.7000000000000001,rlvr,allenai/Olmo-3-7B-Instruct,given,male,author,no,0.24471208898618166,0.3838283434010116,0.9382474859508247,10,male,0,0,0,1,0.3427909802030929,-0.5180572927441697,0.025938237572798083,0.47646849121245427
50,0.7000000000000001,sft,allenai/Olmo-3-7B-Instruct-SFT,given,male,author,no,0.2466067343574032,0.5373835088599187,0.7005965163869997,10,male,0,1,0,0,0.3427909802030929,-0.5030787295523159,1.38934653254271,0.08835435477059217
50,1.0,base,allenai/Olmo-3-1025-7B,given,male,author,no,0.19133896149557839,0.4334193821362758,1.710962852478027,10,male,0,0,0,0,1.3711639208123716,-0.9400110657341125,0.45025624244345513,1.3493589319194759
50,1.0,dpo,allenai/Olmo-3-7B-Instruct-DPO,given,male,author,no,0.1042847157945034,0.48316430354480727,2.060785031363368,10,male,0,0,1,0,1.3711639208123716,-1.6282388154538419,0.8916335699644318,1.6414907298319124
50,1.0,rlvr,allenai/Olmo-3-7B-Instruct,given,male,author,no,0.11639628940206291,0.39634803230468024,1.7144083227844285,10,male,0,0,0,1,1.3711639208123716,-1.5324879306765744,0.13151223749915034,1.352460558355831
50,1.0,sft,allenai/Olmo-3-7B-Instruct-SFT,given,male,author,no,0.11429269595074001,0.4893032478577575,1.7187841239422557,10,male,0,1,0,0,1.3711639208123716,-1.5491183819046557,0.9471386020994327,1.3563924831191096
51,0.2,base,allenai/Olmo-3-1025-7B,given,female,author,no,0.49073910564355105,0.3183612557746075,0.1958801038018302,10,female,1,0,0,0,-1.371163920812372,1.4269669697803267,-0.5078677992915501,-1.3643876759581246
51,0.2,dpo,allenai/Olmo-3-7B-Instruct-DPO,given,female,author,no,0.39927788980852436,0.2779841609212451,0.22283194151159202,10,female,1,0,1,0,-1.371163920812372,0.7038988844291074,-0.8205556046749142,-1.233610749588024
51,0.2,rlvr,allenai/Olmo-3-7B-Instruct,given,female,author,no,0.40524053373985697,0.2504172956863809,0.20923757250648362,10,female,1,0,0,1,-1.371163920812372,0.7510379640017695,-1.0260367069704006,-1.297886523350462
51,0.2,sft,allenai/Olmo-3-7B-Instruct-SFT,given,female,author,no,0.33902424240496754,0.35780348143554763,0.23063460185999268,10,female,1,1,0,0,-1.371163920812372,0.2275495480929034,-0.1900225454446315,-1.1981258427320958
51,0.5,base,allenai/Olmo-3-1025-7B,given,female,author,no,0.3292534384971976,0.39831334013701875,0.5105024061098269,10,female,1,0,0,0,-0.34279098020309323,0.15030416698320084,0.14818185381314514,-0.3075528996903452
51,0.5,dpo,allenai/Olmo-3-7B-Instruct-DPO,given,female,author,no,0.2744660386053063,0.36938993451660995,0.6464127930219989,10,female,1,0,1,0,-0.34279098020309323,-0.28283046805879464,-0.09446809839977305,-0.014699325230925799
51,0.5,rlvr,allenai/Olmo-3-7B-Instruct,given,female,author,no,0.29716779575354973,0.3533639587544357,0.5923851407022092,10,female,1,0,0,1,-0.34279098020309323,-0.10335640437591971,-0.2263787138782535,-0.12459327977600872
51,0.5,sft,allenai/Olmo-3-7B-Instruct-SFT,given,female,author,no,0.26700675690363557,0.37666771289893447,0.5972712065791745,10,female,1,1,0,0,-0.34279098020309323,-0.341801568419532,-0.0339590100378136,-0.11433200861010498
51,0.7000000000000001,base,allenai/Olmo-3-1025-7B,given,female,author,no,0.3244669882726739,0.38273074502767973,0.7975865139489369,10,female,1,0,0,0,0.3427909802030929,0.1124637625245728,0.01673392205637269,0.2578615776729137
51,0.7000000000000001,dpo,allenai/Olmo-3-7B-Instruct-DPO,given,female,author,no,0.19559754575417812,0.5315519885799191,0.9677618132356116,10,female,1,0,1,0,0.3427909802030929,-0.9063438294300736,1.3350194615114623,0.5189622943445987
51,0.7000000000000001,rlvr,allenai/Olmo-3-7B-Instruct,given,female,author,no,0.24870591732816738,0.3442697553565388,0.9422211311944741,10,female,1,0,0,1,0.3427909802030929,-0.48648314641235246,-0.30040133366951643,0.4822514536233631
51,0.7000000000000001,sft,allenai/Olmo-3-7B-Instruct-SFT,given,female,author,no,0.26704435487146905,0.475904454273764,0.8934304401225305,10,female,1,1,0,0,0.3427909802030929,-0.3415043288697814,0.8262814474891381,0.40984738464154197
51,1.0,base,allenai/Olmo-3-1025-7B,given,female,author,no,0.18364490241835044,0.46606293086647393,1.8266362571716308,10,female,1,0,0,0,1.3711639208123716,-1.0008382536821194,0.7381924902770196,1.450860083264649
51,1.0,dpo,allenai/Olmo-3-7B-Instruct-DPO,given,female,author,no,0.1141164028946095,0.4287057677641249,1.9089562400535989,10,female,1,0,1,0,1.3711639208123716,-1.550512107992738,0.4092316041375813,1.520001268902227
51,1.0,rlvr,allenai/Olmo-3-7B-Instruct,given,female,author,no,0.11872148357279647,0.37780807122271576,1.7315849529916885,10,female,1,0,0,1,1.3711639208123716,-1.5141055630057279,-0.024444065519810407,1.3678489536559861
51,1.0,sft,allenai/Olmo-3-7B-Instruct-SFT,given,female,author,no,0.0926992909069566,0.5087241044659743,2.0015598725117743,10,female,1,1,0,0,1.3711639208123716,-1.719830108166689,1.1241765959086896,1.5949816088747002
